order_item_id,order_id,product_id,quantity,unit_price
ITEM00001,ORD0001,PROD001,6,5000.0
ITEM00002,ORD0001,PROD004,9,450.0
ITEM00003,ORD0002,PROD012,7,1200.0
ITEM00004,ORD0003,PROD004,3,450.0
ITEM00005,ORD0004,PROD015,3,4000.0
ITEM00006,ORD0005,PROD014,1,300.0
ITEM00007,ORD0005,PROD001,2,5000.0
ITEM00008,ORD0005,PROD005,2,1500.0
ITEM00009,ORD0006,PROD007,3,120.0
ITEM00010,ORD0006,PROD005,1,1500.0
ITEM00011,ORD0007,PROD006,1,8500.0
ITEM00012,ORD0008,PROD015,5,4000.0
ITEM00013,ORD0008,PROD007,6,120.0
ITEM00014,ORD0008,PROD011,6,6000.0
ITEM00015,ORD0009,PROD005,2,1500.0
ITEM00016,ORD0010,PROD002,2,1200.0
ITEM00017,ORD0011,PROD006,8,8500.0
ITEM00018,ORD0011,PROD009,7,3500.0
ITEM00019,ORD0012,PROD012,5,1200.0
ITEM00020,ORD0012,PROD002,2,1200.0
ITEM00021,ORD0012,PROD014,5,300.0
ITEM00022,ORD0013,PROD002,4,1200.0
ITEM00023,ORD0014,PROD009,2,3500.0
ITEM00024,ORD0014,PROD015,2,4000.0
ITEM00025,ORD0015,PROD014,2,300.0
ITEM00026,ORD0015,PROD009,3,3500.0
ITEM00027,ORD0016,PROD008,3,2200.0
ITEM00028,ORD0017,PROD004,2,450.0
ITEM00029,ORD0017,PROD002,3,1200.0
ITEM00030,ORD0018,PROD011,5,6000.0
ITEM00031,ORD0018,PROD002,7,1200.0
ITEM00032,ORD0018,PROD003,2,800.0
ITEM00033,ORD0019,PROD001,20,5000.0
ITEM00034,ORD0020,PROD005,1,1500.0
ITEM00035,ORD0021,PROD007,3,120.0
ITEM00036,ORD0022,PROD009,6,3500.0
ITEM00037,ORD0022,PROD006,16,8500.0
ITEM00038,ORD0023,PROD012,11,1200.0
ITEM00039,ORD0023,PROD007,17,120.0
ITEM00040,ORD0024,PROD010,2,2500.0
ITEM00041,ORD0025,PROD001,3,5000.0
ITEM00042,ORD0026,PROD002,1,1200.0
ITEM00043,ORD0027,PROD004,8,450.0
ITEM00044,ORD0027,PROD002,17,1200.0
ITEM00045,ORD0028,PROD012,13,1200.0
ITEM00046,ORD0029,PROD004,2,450.0
ITEM00047,ORD0030,PROD005,5,1500.0
ITEM00048,ORD0030,PROD012,20,1200.0
ITEM00049,ORD0031,PROD012,2,1200.0
ITEM00050,ORD0031,PROD004,1,450.0
ITEM00051,ORD0031,PROD003,2,800.0
ITEM00052,ORD0032,PROD008,2,2200.0
ITEM00053,ORD0033,PROD005,1,1500.0
ITEM00054,ORD0034,PROD001,2,5000.0
ITEM00055,ORD0034,PROD010,3,2186.61
ITEM00056,ORD0035,PROD001,1,5000.0
ITEM00057,ORD0036,PROD014,3,300.0
ITEM00058,ORD0036,PROD004,8,450.0
ITEM00059,ORD0036,PROD009,4,3500.0
ITEM00060,ORD0036,PROD013,4,600.0
ITEM00061,ORD0037,PROD009,7,3500.0
ITEM00062,ORD0037,PROD005,4,1500.0
ITEM00063,ORD0038,PROD005,6,1500.0
ITEM00064,ORD0038,PROD012,8,1200.0
ITEM00065,ORD0038,PROD006,8,8500.0
ITEM00066,ORD0039,PROD011,3,6000.0
ITEM00067,ORD0040,PROD007,1,120.0
ITEM00068,ORD0041,PROD008,5,2200.0
ITEM00069,ORD0042,PROD007,3,120.0
ITEM00070,ORD0042,PROD006,3,8500.0
ITEM00071,ORD0043,PROD002,2,1200.0
ITEM00072,ORD0044,PROD015,3,4000.0
ITEM00073,ORD0044,PROD008,3,2200.0
ITEM00074,ORD0045,PROD010,18,2500.0
ITEM00075,ORD0046,PROD004,6,450.0
ITEM00076,ORD0047,PROD014,2,300.0
ITEM00077,ORD0047,PROD010,5,2500.0
ITEM00078,ORD0048,PROD006,1,8500.0
ITEM00079,ORD0048,PROD005,2,1500.0
ITEM00080,ORD0049,PROD011,1,6000.0
ITEM00081,ORD0050,PROD009,7,3500.0
ITEM00082,ORD0051,PROD002,2,849.83
ITEM00083,ORD0052,PROD010,1,2500.0
ITEM00084,ORD0053,PROD007,16,120.0
ITEM00085,ORD0054,PROD005,1,1500.0
ITEM00086,ORD0055,PROD014,3,300.0
ITEM00087,ORD0056,PROD003,13,800.0
ITEM00088,ORD0056,PROD002,11,1200.0
ITEM00089,ORD0057,PROD005,2,1500.0
ITEM00090,ORD0057,PROD004,1,450.0
ITEM00091,ORD0057,PROD001,3,5000.0
ITEM00092,ORD0058,PROD015,1,4000.0
ITEM00093,ORD0059,PROD010,6,2500.0
ITEM00094,ORD0059,PROD005,4,1500.0
ITEM00095,ORD0059,PROD003,3,800.0
ITEM00096,ORD0060,PROD003,2,800.0
ITEM00097,ORD0061,PROD002,4,1200.0
ITEM00098,ORD0062,PROD009,2,3500.0
ITEM00099,ORD0062,PROD003,2,800.0
ITEM00100,ORD0063,PROD012,3,1200.0
ITEM00101,ORD0063,PROD006,3,8500.0
ITEM00102,ORD0064,PROD008,5,2200.0
ITEM00103,ORD0065,PROD015,5,4000.0
ITEM00104,ORD0066,PROD013,1,600.0
ITEM00105,ORD0067,PROD004,3,450.0
ITEM00106,ORD0068,PROD009,3,3500.0
ITEM00107,ORD0069,PROD014,17,300.0
ITEM00108,ORD0070,PROD008,19,2200.0
ITEM00109,ORD0070,PROD013,7,600.0
ITEM00110,ORD0071,PROD011,3,6000.0
ITEM00111,ORD0071,PROD002,2,1200.0
ITEM00112,ORD0071,PROD006,3,8500.0
ITEM00113,ORD0072,PROD012,6,1200.0
ITEM00114,ORD0073,PROD001,1,5000.0
ITEM00115,ORD0073,PROD012,3,1200.0
ITEM00116,ORD0074,PROD004,7,450.0
ITEM00117,ORD0075,PROD011,4,6000.0
ITEM00118,ORD0076,PROD013,3,600.0
ITEM00119,ORD0076,PROD008,1,1805.67
ITEM00120,ORD0076,PROD010,1,2500.0
ITEM00121,ORD0077,PROD002,5,961.39
ITEM00122,ORD0078,PROD015,2,4000.0
ITEM00123,ORD0079,PROD003,1,800.0
ITEM00124,ORD0080,PROD014,3,300.0
ITEM00125,ORD0080,PROD010,3,2500.0
ITEM00126,ORD0081,PROD011,1,6000.0
ITEM00127,ORD0082,PROD011,11,6000.0
ITEM00128,ORD0082,PROD004,14,450.0
ITEM00129,ORD0082,PROD003,8,800.0
ITEM00130,ORD0083,PROD011,13,6000.0
ITEM00131,ORD0084,PROD002,2,1200.0
ITEM00132,ORD0084,PROD008,1,1741.12
ITEM00133,ORD0085,PROD001,2,4150.42
ITEM00134,ORD0085,PROD010,3,2500.0
ITEM00135,ORD0086,PROD015,16,4000.0
ITEM00136,ORD0087,PROD012,2,1200.0
ITEM00137,ORD0088,PROD006,2,8500.0
ITEM00138,ORD0088,PROD009,3,3500.0
ITEM00139,ORD0088,PROD014,1,300.0
ITEM00140,ORD0088,PROD004,1,450.0
ITEM00141,ORD0089,PROD006,9,8500.0
ITEM00142,ORD0089,PROD008,14,2200.0
ITEM00143,ORD0090,PROD014,20,300.0
ITEM00144,ORD0091,PROD011,1,6000.0
ITEM00145,ORD0092,PROD013,2,600.0
ITEM00146,ORD0092,PROD011,2,6000.0
ITEM00147,ORD0092,PROD009,3,3500.0
ITEM00148,ORD0093,PROD007,1,101.59
ITEM00149,ORD0093,PROD002,1,1200.0
ITEM00150,ORD0094,PROD015,20,4000.0
ITEM00151,ORD0095,PROD013,12,600.0
ITEM00152,ORD0096,PROD012,18,1200.0
ITEM00153,ORD0096,PROD007,6,120.0
ITEM00154,ORD0096,PROD013,8,509.99
ITEM00155,ORD0097,PROD006,3,8500.0
ITEM00156,ORD0098,PROD003,4,800.0
ITEM00157,ORD0099,PROD003,7,800.0
ITEM00158,ORD0100,PROD005,5,1500.0
ITEM00159,ORD0101,PROD004,7,450.0
ITEM00160,ORD0102,PROD013,2,600.0
ITEM00161,ORD0102,PROD015,7,4000.0
ITEM00162,ORD0102,PROD004,2,450.0
ITEM00163,ORD0103,PROD015,2,4000.0
ITEM00164,ORD0103,PROD001,1,5000.0
ITEM00165,ORD0103,PROD006,3,8500.0
ITEM00166,ORD0104,PROD011,3,6000.0
ITEM00167,ORD0104,PROD009,6,3500.0
ITEM00168,ORD0104,PROD008,6,2200.0
ITEM00169,ORD0105,PROD009,9,3500.0
ITEM00170,ORD0105,PROD014,19,300.0
ITEM00171,ORD0106,PROD002,3,1200.0
ITEM00172,ORD0107,PROD005,1,1500.0
ITEM00173,ORD0107,PROD002,1,1200.0
ITEM00174,ORD0108,PROD004,8,450.0
ITEM00175,ORD0109,PROD005,16,1500.0
ITEM00176,ORD0109,PROD007,10,120.0
ITEM00177,ORD0109,PROD012,7,1200.0
ITEM00178,ORD0110,PROD009,6,3500.0
ITEM00179,ORD0111,PROD001,3,5000.0
ITEM00180,ORD0112,PROD008,4,2200.0
ITEM00181,ORD0113,PROD007,2,120.0
ITEM00182,ORD0114,PROD001,3,5000.0
ITEM00183,ORD0114,PROD003,2,800.0
ITEM00184,ORD0114,PROD004,3,450.0
ITEM00185,ORD0115,PROD008,1,2200.0
ITEM00186,ORD0116,PROD010,8,2500.0
ITEM00187,ORD0116,PROD012,2,1200.0
ITEM00188,ORD0117,PROD007,3,120.0
ITEM00189,ORD0118,PROD015,3,4000.0
ITEM00190,ORD0118,PROD009,2,3500.0
ITEM00191,ORD0118,PROD008,5,2200.0
ITEM00192,ORD0119,PROD007,2,120.0
ITEM00193,ORD0119,PROD008,1,1564.36
ITEM00194,ORD0120,PROD013,3,600.0
ITEM00195,ORD0120,PROD004,2,450.0
ITEM00196,ORD0121,PROD009,1,3500.0
ITEM00197,ORD0121,PROD008,2,2200.0
ITEM00198,ORD0122,PROD007,6,120.0
ITEM00199,ORD0123,PROD015,16,4000.0
ITEM00200,ORD0124,PROD015,1,4000.0
ITEM00201,ORD0125,PROD001,1,5000.0
ITEM00202,ORD0126,PROD013,6,600.0
ITEM00203,ORD0126,PROD015,8,3375.86
ITEM00204,ORD0127,PROD002,2,1200.0
ITEM00205,ORD0127,PROD001,1,5000.0
ITEM00206,ORD0127,PROD003,3,800.0
ITEM00207,ORD0128,PROD005,1,1500.0
ITEM00208,ORD0129,PROD002,3,1200.0
ITEM00209,ORD0130,PROD009,3,3500.0
ITEM00210,ORD0131,PROD006,12,8500.0
ITEM00211,ORD0131,PROD014,14,300.0
ITEM00212,ORD0132,PROD005,3,1500.0
ITEM00213,ORD0132,PROD014,2,300.0
ITEM00214,ORD0133,PROD002,2,1200.0
ITEM00215,ORD0133,PROD001,3,5000.0
ITEM00216,ORD0134,PROD002,3,1200.0
ITEM00217,ORD0135,PROD009,3,3500.0
ITEM00218,ORD0135,PROD004,1,450.0
ITEM00219,ORD0135,PROD005,1,1120.53
ITEM00220,ORD0136,PROD013,5,600.0
ITEM00221,ORD0137,PROD014,1,300.0
ITEM00222,ORD0138,PROD005,1,1500.0
ITEM00223,ORD0138,PROD014,3,300.0
ITEM00224,ORD0139,PROD007,2,120.0
ITEM00225,ORD0140,PROD007,1,120.0
ITEM00226,ORD0141,PROD011,1,6000.0
ITEM00227,ORD0141,PROD005,2,1500.0
ITEM00228,ORD0142,PROD013,8,600.0
ITEM00229,ORD0142,PROD006,3,8500.0
ITEM00230,ORD0142,PROD005,4,1500.0
ITEM00231,ORD0143,PROD014,3,300.0
ITEM00232,ORD0143,PROD007,1,120.0
ITEM00233,ORD0144,PROD012,2,1200.0
ITEM00234,ORD0144,PROD011,3,6000.0
ITEM00235,ORD0145,PROD010,6,2500.0
ITEM00236,ORD0145,PROD013,5,600.0
ITEM00237,ORD0146,PROD004,13,450.0
ITEM00238,ORD0146,PROD003,12,800.0
ITEM00239,ORD0146,PROD001,14,5000.0
ITEM00240,ORD0146,PROD005,17,1132.28
ITEM00241,ORD0147,PROD005,3,1500.0
ITEM00242,ORD0148,PROD002,15,1200.0
ITEM00243,ORD0148,PROD005,10,1500.0
ITEM00244,ORD0149,PROD001,5,3858.72
ITEM00245,ORD0150,PROD009,2,3500.0
ITEM00246,ORD0150,PROD004,1,450.0
ITEM00247,ORD0151,PROD006,2,8500.0
ITEM00248,ORD0151,PROD002,2,1200.0
ITEM00249,ORD0152,PROD004,7,450.0
ITEM00250,ORD0153,PROD011,1,6000.0
ITEM00251,ORD0153,PROD001,1,5000.0
ITEM00252,ORD0153,PROD004,2,450.0
ITEM00253,ORD0154,PROD012,1,1200.0
ITEM00254,ORD0155,PROD005,2,1500.0
ITEM00255,ORD0155,PROD015,8,4000.0
ITEM00256,ORD0156,PROD001,1,5000.0
ITEM00257,ORD0156,PROD010,1,2500.0
ITEM00258,ORD0157,PROD002,12,1200.0
ITEM00259,ORD0158,PROD014,7,300.0
ITEM00260,ORD0158,PROD015,7,4000.0
ITEM00261,ORD0159,PROD001,2,5000.0
ITEM00262,ORD0160,PROD007,7,120.0
ITEM00263,ORD0161,PROD005,1,1500.0
ITEM00264,ORD0161,PROD010,2,2500.0
ITEM00265,ORD0161,PROD001,3,4109.04
ITEM00266,ORD0162,PROD009,7,3500.0
ITEM00267,ORD0162,PROD012,6,1200.0
ITEM00268,ORD0162,PROD013,3,600.0
ITEM00269,ORD0163,PROD011,1,6000.0
ITEM00270,ORD0163,PROD012,3,1200.0
ITEM00271,ORD0164,PROD015,12,4000.0
ITEM00272,ORD0165,PROD011,3,6000.0
ITEM00273,ORD0165,PROD009,3,3500.0
ITEM00274,ORD0165,PROD012,3,1200.0
ITEM00275,ORD0165,PROD007,3,120.0
ITEM00276,ORD0166,PROD004,3,450.0
ITEM00277,ORD0167,PROD004,8,450.0
ITEM00278,ORD0168,PROD008,4,2200.0
ITEM00279,ORD0169,PROD004,5,450.0
ITEM00280,ORD0170,PROD006,3,8500.0
ITEM00281,ORD0170,PROD002,2,1200.0
ITEM00282,ORD0170,PROD015,3,4000.0
ITEM00283,ORD0171,PROD004,8,450.0
ITEM00284,ORD0171,PROD010,3,2500.0
ITEM00285,ORD0172,PROD015,2,4000.0
ITEM00286,ORD0173,PROD010,2,2500.0
ITEM00287,ORD0173,PROD005,1,1500.0
ITEM00288,ORD0174,PROD003,3,800.0
ITEM00289,ORD0175,PROD004,2,450.0
ITEM00290,ORD0175,PROD003,5,800.0
ITEM00291,ORD0175,PROD008,6,2200.0
ITEM00292,ORD0176,PROD002,9,1200.0
ITEM00293,ORD0177,PROD001,2,5000.0
ITEM00294,ORD0177,PROD012,8,1200.0
ITEM00295,ORD0177,PROD003,5,800.0
ITEM00296,ORD0178,PROD007,3,120.0
ITEM00297,ORD0179,PROD002,8,1200.0
ITEM00298,ORD0179,PROD006,6,8500.0
ITEM00299,ORD0180,PROD012,1,1200.0
ITEM00300,ORD0181,PROD008,5,2200.0
ITEM00301,ORD0181,PROD007,5,120.0
ITEM00302,ORD0181,PROD011,5,6000.0
ITEM00303,ORD0182,PROD012,3,1200.0
ITEM00304,ORD0182,PROD013,3,600.0
ITEM00305,ORD0183,PROD010,3,2500.0
ITEM00306,ORD0183,PROD015,2,4000.0
ITEM00307,ORD0183,PROD006,1,8500.0
ITEM00308,ORD0184,PROD013,1,600.0
ITEM00309,ORD0184,PROD002,2,1200.0
ITEM00310,ORD0185,PROD009,3,3500.0
ITEM00311,ORD0185,PROD010,2,2500.0
ITEM00312,ORD0186,PROD013,10,600.0
ITEM00313,ORD0187,PROD012,3,1200.0
ITEM00314,ORD0188,PROD010,4,2500.0
ITEM00315,ORD0188,PROD015,4,4000.0
ITEM00316,ORD0189,PROD008,2,2200.0
ITEM00317,ORD0190,PROD015,2,4000.0
ITEM00318,ORD0191,PROD015,3,4000.0
ITEM00319,ORD0191,PROD004,1,450.0
ITEM00320,ORD0192,PROD013,6,600.0
ITEM00321,ORD0192,PROD003,6,800.0
ITEM00322,ORD0192,PROD001,3,4332.5
ITEM00323,ORD0193,PROD004,2,450.0
ITEM00324,ORD0194,PROD012,3,1200.0
ITEM00325,ORD0194,PROD008,2,2200.0
ITEM00326,ORD0195,PROD012,1,1200.0
ITEM00327,ORD0196,PROD005,7,1500.0
ITEM00328,ORD0197,PROD012,1,1200.0
ITEM00329,ORD0197,PROD011,1,6000.0
ITEM00330,ORD0197,PROD002,2,1200.0
ITEM00331,ORD0197,PROD006,2,8500.0
ITEM00332,ORD0198,PROD009,8,3500.0
ITEM00333,ORD0198,PROD011,7,6000.0
ITEM00334,ORD0199,PROD007,3,120.0
ITEM00335,ORD0199,PROD002,3,1200.0
ITEM00336,ORD0199,PROD012,3,992.28
ITEM00337,ORD0200,PROD003,3,800.0
ITEM00338,ORD0201,PROD011,2,6000.0
ITEM00339,ORD0201,PROD004,1,450.0
ITEM00340,ORD0201,PROD005,2,1500.0
ITEM00341,ORD0202,PROD002,3,1200.0
ITEM00342,ORD0202,PROD009,1,3500.0
ITEM00343,ORD0203,PROD010,11,2500.0
ITEM00344,ORD0204,PROD012,13,1200.0
ITEM00345,ORD0205,PROD004,4,450.0
ITEM00346,ORD0205,PROD011,7,6000.0
ITEM00347,ORD0206,PROD014,3,300.0
ITEM00348,ORD0206,PROD004,3,450.0
ITEM00349,ORD0206,PROD005,2,1500.0
ITEM00350,ORD0207,PROD004,1,450.0
ITEM00351,ORD0208,PROD013,19,600.0
ITEM00352,ORD0208,PROD005,18,1500.0
ITEM00353,ORD0208,PROD007,19,120.0
ITEM00354,ORD0209,PROD006,5,8500.0
ITEM00355,ORD0209,PROD012,8,1200.0
ITEM00356,ORD0210,PROD014,2,300.0
ITEM00357,ORD0210,PROD008,1,2200.0
ITEM00358,ORD0210,PROD010,3,2500.0
ITEM00359,ORD0211,PROD007,2,120.0
ITEM00360,ORD0211,PROD001,2,5000.0
ITEM00361,ORD0211,PROD009,2,3500.0
ITEM00362,ORD0212,PROD001,13,5000.0
ITEM00363,ORD0213,PROD011,8,6000.0
ITEM00364,ORD0214,PROD004,3,450.0
ITEM00365,ORD0215,PROD013,8,600.0
ITEM00366,ORD0215,PROD011,15,6000.0
ITEM00367,ORD0216,PROD012,8,1200.0
ITEM00368,ORD0216,PROD001,8,5000.0
ITEM00369,ORD0217,PROD013,2,600.0
ITEM00370,ORD0217,PROD015,6,4000.0
ITEM00371,ORD0217,PROD009,6,3500.0
ITEM00372,ORD0218,PROD009,2,3500.0
ITEM00373,ORD0219,PROD013,1,600.0
ITEM00374,ORD0220,PROD004,12,450.0
ITEM00375,ORD0221,PROD001,3,5000.0
ITEM00376,ORD0222,PROD008,6,2200.0
ITEM00377,ORD0223,PROD004,12,382.49
ITEM00378,ORD0224,PROD007,1,120.0
ITEM00379,ORD0224,PROD011,2,6000.0
ITEM00380,ORD0224,PROD015,1,4000.0
ITEM00381,ORD0225,PROD013,5,509.12
ITEM00382,ORD0225,PROD012,6,1200.0
ITEM00383,ORD0226,PROD012,3,1200.0
ITEM00384,ORD0227,PROD010,2,2500.0
ITEM00385,ORD0228,PROD012,1,1200.0
ITEM00386,ORD0229,PROD002,2,1200.0
ITEM00387,ORD0230,PROD007,5,120.0
ITEM00388,ORD0230,PROD005,5,1500.0
ITEM00389,ORD0231,PROD015,3,4000.0
ITEM00390,ORD0232,PROD001,2,5000.0
ITEM00391,ORD0233,PROD013,5,600.0
ITEM00392,ORD0233,PROD009,2,3500.0
ITEM00393,ORD0233,PROD012,3,1200.0
ITEM00394,ORD0233,PROD002,5,1200.0
ITEM00395,ORD0234,PROD006,3,8500.0
ITEM00396,ORD0234,PROD003,1,800.0
ITEM00397,ORD0235,PROD008,6,2200.0
ITEM00398,ORD0236,PROD010,8,2500.0
ITEM00399,ORD0237,PROD010,1,2500.0
ITEM00400,ORD0237,PROD013,2,600.0
ITEM00401,ORD0238,PROD006,1,7121.3
ITEM00402,ORD0239,PROD014,13,300.0
ITEM00403,ORD0239,PROD001,20,5000.0
ITEM00404,ORD0240,PROD011,3,6000.0
ITEM00405,ORD0241,PROD009,8,3500.0
ITEM00406,ORD0241,PROD015,7,4000.0
ITEM00407,ORD0242,PROD012,1,1200.0
ITEM00408,ORD0243,PROD003,3,800.0
ITEM00409,ORD0243,PROD009,1,3500.0
ITEM00410,ORD0244,PROD001,20,5000.0
ITEM00411,ORD0244,PROD007,18,120.0
ITEM00412,ORD0244,PROD008,14,2200.0
ITEM00413,ORD0244,PROD003,14,800.0
ITEM00414,ORD0245,PROD005,16,1500.0
ITEM00415,ORD0245,PROD009,10,3500.0
ITEM00416,ORD0245,PROD006,11,8500.0
ITEM00417,ORD0246,PROD006,2,8500.0
ITEM00418,ORD0246,PROD009,2,3500.0
ITEM00419,ORD0246,PROD010,3,2500.0
ITEM00420,ORD0246,PROD005,1,1500.0
ITEM00421,ORD0247,PROD008,4,2200.0
ITEM00422,ORD0247,PROD001,3,5000.0
ITEM00423,ORD0248,PROD001,1,5000.0
ITEM00424,ORD0248,PROD005,3,1500.0
ITEM00425,ORD0248,PROD012,1,1200.0
ITEM00426,ORD0248,PROD004,2,450.0
ITEM00427,ORD0249,PROD011,3,6000.0
ITEM00428,ORD0250,PROD001,1,5000.0
ITEM00429,ORD0251,PROD014,14,300.0
ITEM00430,ORD0251,PROD007,17,120.0
ITEM00431,ORD0251,PROD010,11,2500.0
ITEM00432,ORD0252,PROD012,11,1200.0
ITEM00433,ORD0253,PROD002,9,1200.0
ITEM00434,ORD0254,PROD013,15,600.0
ITEM00435,ORD0254,PROD007,13,120.0
ITEM00436,ORD0255,PROD010,2,2500.0
ITEM00437,ORD0255,PROD011,1,6000.0
ITEM00438,ORD0256,PROD002,1,1200.0
ITEM00439,ORD0256,PROD013,1,600.0
ITEM00440,ORD0256,PROD010,1,2500.0
ITEM00441,ORD0256,PROD003,2,800.0
ITEM00442,ORD0257,PROD005,6,1500.0
ITEM00443,ORD0258,PROD007,17,120.0
ITEM00444,ORD0259,PROD006,3,8500.0
ITEM00445,ORD0259,PROD005,1,1500.0
ITEM00446,ORD0260,PROD003,9,800.0
ITEM00447,ORD0260,PROD011,19,6000.0
ITEM00448,ORD0260,PROD005,13,1500.0
ITEM00449,ORD0261,PROD007,4,120.0
ITEM00450,ORD0261,PROD011,8,6000.0
ITEM00451,ORD0262,PROD011,4,6000.0
ITEM00452,ORD0263,PROD009,1,3500.0
ITEM00453,ORD0264,PROD012,2,1200.0
ITEM00454,ORD0265,PROD004,1,450.0
ITEM00455,ORD0266,PROD015,2,4000.0
ITEM00456,ORD0267,PROD001,2,3774.95
ITEM00457,ORD0267,PROD010,2,2500.0
ITEM00458,ORD0268,PROD012,1,1200.0
ITEM00459,ORD0268,PROD005,1,1500.0
ITEM00460,ORD0268,PROD014,2,300.0
ITEM00461,ORD0268,PROD011,3,6000.0
ITEM00462,ORD0269,PROD012,3,1200.0
ITEM00463,ORD0270,PROD001,6,5000.0
ITEM00464,ORD0270,PROD006,3,8500.0
ITEM00465,ORD0270,PROD015,3,4000.0
ITEM00466,ORD0271,PROD007,1,120.0
ITEM00467,ORD0272,PROD001,1,5000.0
ITEM00468,ORD0272,PROD006,2,8500.0
ITEM00469,ORD0273,PROD010,7,2168.64
ITEM00470,ORD0274,PROD006,6,8500.0
ITEM00471,ORD0274,PROD012,4,1200.0
ITEM00472,ORD0274,PROD003,7,800.0
ITEM00473,ORD0275,PROD011,3,6000.0
ITEM00474,ORD0275,PROD001,6,5000.0
ITEM00475,ORD0275,PROD002,4,1200.0
ITEM00476,ORD0276,PROD005,3,1500.0
ITEM00477,ORD0277,PROD003,3,800.0
ITEM00478,ORD0277,PROD011,1,6000.0
ITEM00479,ORD0278,PROD002,2,1200.0
ITEM00480,ORD0278,PROD006,3,8500.0
ITEM00481,ORD0279,PROD002,1,1200.0
ITEM00482,ORD0279,PROD015,1,4000.0
ITEM00483,ORD0279,PROD014,3,300.0
ITEM00484,ORD0280,PROD013,1,600.0
ITEM00485,ORD0280,PROD001,2,5000.0
ITEM00486,ORD0281,PROD004,3,450.0
ITEM00487,ORD0281,PROD005,1,1500.0
ITEM00488,ORD0282,PROD005,5,1500.0
ITEM00489,ORD0282,PROD001,3,5000.0
ITEM00490,ORD0283,PROD007,8,120.0
ITEM00491,ORD0283,PROD004,3,450.0
ITEM00492,ORD0284,PROD012,2,1200.0
ITEM00493,ORD0285,PROD010,16,2500.0
ITEM00494,ORD0286,PROD008,7,2200.0
ITEM00495,ORD0286,PROD014,3,260.08
ITEM00496,ORD0287,PROD009,3,3500.0
ITEM00497,ORD0288,PROD006,14,8500.0
ITEM00498,ORD0288,PROD011,13,6000.0
ITEM00499,ORD0289,PROD005,19,1500.0
ITEM00500,ORD0289,PROD004,8,450.0
ITEM00501,ORD0290,PROD008,19,2200.0
ITEM00502,ORD0290,PROD003,16,800.0
ITEM00503,ORD0291,PROD015,2,4000.0
ITEM00504,ORD0291,PROD001,3,5000.0
ITEM00505,ORD0292,PROD003,2,800.0
ITEM00506,ORD0292,PROD007,1,120.0
ITEM00507,ORD0292,PROD008,2,2200.0
ITEM00508,ORD0293,PROD003,1,800.0
ITEM00509,ORD0294,PROD010,3,2500.0
ITEM00510,ORD0294,PROD015,2,4000.0
ITEM00511,ORD0295,PROD012,2,1200.0
ITEM00512,ORD0296,PROD007,4,120.0
ITEM00513,ORD0297,PROD004,2,450.0
ITEM00514,ORD0297,PROD013,8,600.0
ITEM00515,ORD0297,PROD009,6,3500.0
ITEM00516,ORD0298,PROD009,1,3500.0
ITEM00517,ORD0299,PROD012,3,1200.0
ITEM00518,ORD0299,PROD009,1,3500.0
ITEM00519,ORD0299,PROD004,1,450.0
ITEM00520,ORD0300,PROD013,1,600.0
ITEM00521,ORD0301,PROD003,2,583.6
ITEM00522,ORD0302,PROD005,10,1500.0
ITEM00523,ORD0302,PROD015,11,4000.0
ITEM00524,ORD0302,PROD002,12,1200.0
ITEM00525,ORD0303,PROD013,1,600.0
ITEM00526,ORD0303,PROD006,2,8500.0
ITEM00527,ORD0304,PROD007,11,120.0
ITEM00528,ORD0304,PROD012,17,1200.0
ITEM00529,ORD0305,PROD013,2,600.0
ITEM00530,ORD0305,PROD002,1,1200.0
ITEM00531,ORD0306,PROD005,3,1500.0
ITEM00532,ORD0307,PROD007,7,120.0
ITEM00533,ORD0308,PROD010,1,2500.0
ITEM00534,ORD0308,PROD001,1,5000.0
ITEM00535,ORD0309,PROD006,3,8500.0
ITEM00536,ORD0310,PROD013,7,600.0
ITEM00537,ORD0310,PROD007,9,120.0
ITEM00538,ORD0311,PROD005,2,1500.0
ITEM00539,ORD0312,PROD003,2,800.0
ITEM00540,ORD0313,PROD011,20,5350.22
ITEM00541,ORD0314,PROD003,5,800.0
ITEM00542,ORD0315,PROD008,4,2200.0
ITEM00543,ORD0315,PROD013,2,600.0
ITEM00544,ORD0315,PROD002,5,1200.0
ITEM00545,ORD0316,PROD006,1,8500.0
ITEM00546,ORD0317,PROD008,1,2200.0
ITEM00547,ORD0318,PROD007,2,120.0
ITEM00548,ORD0318,PROD015,3,4000.0
ITEM00549,ORD0318,PROD013,3,600.0
ITEM00550,ORD0318,PROD001,2,5000.0
ITEM00551,ORD0319,PROD012,3,1200.0
ITEM00552,ORD0319,PROD006,1,8500.0
ITEM00553,ORD0320,PROD009,1,3500.0
ITEM00554,ORD0320,PROD013,2,600.0
ITEM00555,ORD0320,PROD007,3,120.0
ITEM00556,ORD0320,PROD011,1,6000.0
ITEM00557,ORD0321,PROD014,5,300.0
ITEM00558,ORD0321,PROD008,4,1921.87
ITEM00559,ORD0322,PROD001,3,5000.0
ITEM00560,ORD0323,PROD006,3,8500.0
ITEM00561,ORD0324,PROD009,2,3500.0
ITEM00562,ORD0324,PROD005,1,1500.0
ITEM00563,ORD0324,PROD003,2,800.0
ITEM00564,ORD0325,PROD006,1,8500.0
ITEM00565,ORD0325,PROD012,2,1200.0
ITEM00566,ORD0326,PROD002,1,1200.0
ITEM00567,ORD0327,PROD007,16,120.0
ITEM00568,ORD0327,PROD005,12,1500.0
ITEM00569,ORD0328,PROD015,3,4000.0
ITEM00570,ORD0328,PROD012,1,1200.0
ITEM00571,ORD0328,PROD009,1,3500.0
ITEM00572,ORD0329,PROD011,6,6000.0
ITEM00573,ORD0329,PROD013,2,600.0
ITEM00574,ORD0329,PROD002,7,1200.0
ITEM00575,ORD0329,PROD007,5,120.0
ITEM00576,ORD0330,PROD012,2,1200.0
ITEM00577,ORD0331,PROD002,5,1200.0
ITEM00578,ORD0331,PROD014,8,300.0
ITEM00579,ORD0332,PROD005,3,1500.0
ITEM00580,ORD0333,PROD004,2,450.0
ITEM00581,ORD0333,PROD012,5,1200.0
ITEM00582,ORD0333,PROD013,5,600.0
ITEM00583,ORD0334,PROD003,6,800.0
ITEM00584,ORD0334,PROD005,6,1500.0
ITEM00585,ORD0335,PROD005,13,1112.14
ITEM00586,ORD0336,PROD011,2,6000.0
ITEM00587,ORD0336,PROD003,3,800.0
ITEM00588,ORD0337,PROD002,1,917.91
ITEM00589,ORD0337,PROD004,1,450.0
ITEM00590,ORD0338,PROD010,2,2500.0
ITEM00591,ORD0338,PROD014,3,300.0
ITEM00592,ORD0339,PROD008,1,2200.0
ITEM00593,ORD0339,PROD009,2,3500.0
ITEM00594,ORD0340,PROD008,3,2200.0
ITEM00595,ORD0341,PROD003,2,800.0
ITEM00596,ORD0341,PROD011,1,6000.0
ITEM00597,ORD0342,PROD002,5,1200.0
ITEM00598,ORD0342,PROD011,4,6000.0
ITEM00599,ORD0343,PROD009,4,3500.0
ITEM00600,ORD0343,PROD006,4,8500.0
ITEM00601,ORD0344,PROD003,3,800.0
ITEM00602,ORD0345,PROD010,5,2500.0
ITEM00603,ORD0345,PROD007,2,120.0
ITEM00604,ORD0346,PROD012,5,1200.0
ITEM00605,ORD0347,PROD009,3,3500.0
ITEM00606,ORD0348,PROD002,11,1200.0
ITEM00607,ORD0348,PROD015,8,4000.0
ITEM00608,ORD0348,PROD007,10,120.0
ITEM00609,ORD0349,PROD012,3,1200.0
ITEM00610,ORD0349,PROD007,1,120.0
ITEM00611,ORD0350,PROD006,2,8500.0
ITEM00612,ORD0350,PROD013,3,600.0
ITEM00613,ORD0351,PROD013,3,600.0
ITEM00614,ORD0351,PROD011,1,6000.0
ITEM00615,ORD0351,PROD006,2,8500.0
ITEM00616,ORD0351,PROD009,2,3500.0
ITEM00617,ORD0352,PROD015,10,4000.0
ITEM00618,ORD0353,PROD014,2,300.0
ITEM00619,ORD0354,PROD011,5,6000.0
ITEM00620,ORD0354,PROD002,5,1200.0
ITEM00621,ORD0355,PROD011,2,6000.0
ITEM00622,ORD0356,PROD010,6,2500.0
ITEM00623,ORD0357,PROD012,1,1200.0
ITEM00624,ORD0357,PROD007,1,120.0
ITEM00625,ORD0358,PROD011,16,4921.61
ITEM00626,ORD0358,PROD002,17,1200.0
ITEM00627,ORD0359,PROD014,2,300.0
ITEM00628,ORD0359,PROD003,1,800.0
ITEM00629,ORD0359,PROD008,3,2200.0
ITEM00630,ORD0360,PROD005,1,1500.0
ITEM00631,ORD0361,PROD008,5,2200.0
ITEM00632,ORD0362,PROD004,10,450.0
ITEM00633,ORD0362,PROD013,8,600.0
ITEM00634,ORD0363,PROD014,19,300.0
ITEM00635,ORD0363,PROD003,7,565.17
ITEM00636,ORD0363,PROD004,18,450.0
ITEM00637,ORD0364,PROD014,13,300.0
ITEM00638,ORD0364,PROD007,8,120.0
ITEM00639,ORD0364,PROD002,5,1200.0
ITEM00640,ORD0364,PROD015,6,4000.0
ITEM00641,ORD0365,PROD014,3,300.0
ITEM00642,ORD0366,PROD012,6,1200.0
ITEM00643,ORD0367,PROD013,2,600.0
ITEM00644,ORD0368,PROD013,1,600.0
ITEM00645,ORD0368,PROD014,2,300.0
ITEM00646,ORD0368,PROD010,2,2500.0
ITEM00647,ORD0369,PROD008,1,2200.0
ITEM00648,ORD0370,PROD012,1,1200.0
ITEM00649,ORD0371,PROD013,2,600.0
ITEM00650,ORD0371,PROD004,3,450.0
ITEM00651,ORD0372,PROD012,3,1200.0
ITEM00652,ORD0372,PROD005,1,1500.0
ITEM00653,ORD0373,PROD005,1,1500.0
ITEM00654,ORD0374,PROD006,7,8500.0
ITEM00655,ORD0375,PROD003,2,800.0
ITEM00656,ORD0375,PROD010,2,2500.0
ITEM00657,ORD0375,PROD011,1,6000.0
ITEM00658,ORD0376,PROD003,2,800.0
ITEM00659,ORD0376,PROD010,2,2500.0
ITEM00660,ORD0377,PROD004,14,450.0
ITEM00661,ORD0378,PROD006,3,8500.0
ITEM00662,ORD0379,PROD009,6,3500.0
ITEM00663,ORD0379,PROD007,4,120.0
ITEM00664,ORD0379,PROD008,6,2200.0
ITEM00665,ORD0380,PROD006,2,8500.0
ITEM00666,ORD0381,PROD003,20,800.0
ITEM00667,ORD0382,PROD001,4,5000.0
ITEM00668,ORD0382,PROD011,3,6000.0
ITEM00669,ORD0382,PROD002,4,1200.0
ITEM00670,ORD0383,PROD002,1,1200.0
ITEM00671,ORD0383,PROD011,2,6000.0
ITEM00672,ORD0384,PROD001,7,5000.0
ITEM00673,ORD0384,PROD014,8,300.0
ITEM00674,ORD0385,PROD012,7,990.34
ITEM00675,ORD0385,PROD004,4,450.0
ITEM00676,ORD0385,PROD006,4,8500.0
ITEM00677,ORD0386,PROD012,1,1200.0
ITEM00678,ORD0386,PROD009,1,3500.0
ITEM00679,ORD0387,PROD004,3,450.0
ITEM00680,ORD0387,PROD005,3,1500.0
ITEM00681,ORD0388,PROD012,5,1200.0
ITEM00682,ORD0389,PROD005,3,1500.0
ITEM00683,ORD0389,PROD009,1,3500.0
ITEM00684,ORD0389,PROD015,1,4000.0
ITEM00685,ORD0389,PROD002,1,1200.0
ITEM00686,ORD0390,PROD013,6,600.0
ITEM00687,ORD0391,PROD015,1,4000.0
ITEM00688,ORD0392,PROD004,8,450.0
ITEM00689,ORD0392,PROD008,20,2200.0
ITEM00690,ORD0393,PROD004,2,450.0
ITEM00691,ORD0393,PROD010,1,2500.0
ITEM00692,ORD0394,PROD002,8,1200.0
ITEM00693,ORD0394,PROD012,6,1200.0
ITEM00694,ORD0394,PROD008,6,2200.0
ITEM00695,ORD0395,PROD005,4,1500.0
ITEM00696,ORD0395,PROD013,3,600.0
ITEM00697,ORD0395,PROD007,5,120.0
ITEM00698,ORD0395,PROD010,7,2500.0
ITEM00699,ORD0396,PROD004,7,450.0
ITEM00700,ORD0396,PROD006,4,8500.0
ITEM00701,ORD0396,PROD005,2,1500.0
ITEM00702,ORD0397,PROD008,6,2200.0
ITEM00703,ORD0397,PROD001,3,5000.0
ITEM00704,ORD0397,PROD006,8,8500.0
ITEM00705,ORD0398,PROD015,8,4000.0
ITEM00706,ORD0399,PROD009,1,3500.0
ITEM00707,ORD0399,PROD014,1,300.0
ITEM00708,ORD0400,PROD009,4,3500.0
ITEM00709,ORD0401,PROD002,2,1200.0
ITEM00710,ORD0401,PROD011,1,6000.0
ITEM00711,ORD0402,PROD003,1,800.0
ITEM00712,ORD0403,PROD014,10,300.0
ITEM00713,ORD0403,PROD003,20,800.0
ITEM00714,ORD0404,PROD013,2,600.0
ITEM00715,ORD0404,PROD012,2,1200.0
ITEM00716,ORD0405,PROD005,14,1500.0
ITEM00717,ORD0405,PROD006,16,8500.0
ITEM00718,ORD0405,PROD003,15,800.0
ITEM00719,ORD0406,PROD007,2,106.56
ITEM00720,ORD0407,PROD007,4,120.0
ITEM00721,ORD0408,PROD008,2,1849.91
ITEM00722,ORD0409,PROD012,13,1200.0
ITEM00723,ORD0410,PROD006,5,8500.0
ITEM00724,ORD0411,PROD009,3,3500.0
ITEM00725,ORD0412,PROD009,5,3500.0
ITEM00726,ORD0413,PROD004,1,450.0
ITEM00727,ORD0414,PROD012,3,1200.0
ITEM00728,ORD0415,PROD001,3,5000.0
ITEM00729,ORD0415,PROD013,3,600.0
ITEM00730,ORD0415,PROD011,2,6000.0
ITEM00731,ORD0415,PROD007,3,120.0
ITEM00732,ORD0416,PROD011,2,6000.0
ITEM00733,ORD0417,PROD015,4,4000.0
ITEM00734,ORD0418,PROD012,7,1200.0
ITEM00735,ORD0419,PROD007,1,120.0
ITEM00736,ORD0419,PROD014,3,300.0
ITEM00737,ORD0420,PROD002,2,1200.0
ITEM00738,ORD0421,PROD013,2,600.0
ITEM00739,ORD0421,PROD011,2,6000.0
ITEM00740,ORD0422,PROD013,7,600.0
ITEM00741,ORD0423,PROD012,16,1200.0
ITEM00742,ORD0423,PROD006,19,8500.0
ITEM00743,ORD0424,PROD006,2,8500.0
ITEM00744,ORD0425,PROD004,7,450.0
ITEM00745,ORD0426,PROD010,3,2500.0
ITEM00746,ORD0427,PROD011,18,6000.0
ITEM00747,ORD0428,PROD013,1,600.0
ITEM00748,ORD0428,PROD001,3,5000.0
ITEM00749,ORD0428,PROD009,3,3500.0
ITEM00750,ORD0429,PROD009,2,3500.0
ITEM00751,ORD0430,PROD010,2,2500.0
ITEM00752,ORD0431,PROD010,6,2500.0
ITEM00753,ORD0431,PROD002,6,1200.0
ITEM00754,ORD0432,PROD014,3,300.0
ITEM00755,ORD0432,PROD002,3,1200.0
ITEM00756,ORD0433,PROD002,8,1200.0
ITEM00757,ORD0434,PROD008,9,2200.0
ITEM00758,ORD0434,PROD015,7,4000.0
ITEM00759,ORD0434,PROD012,15,1200.0
ITEM00760,ORD0435,PROD012,2,1200.0
ITEM00761,ORD0435,PROD014,2,300.0
ITEM00762,ORD0436,PROD014,17,223.51
ITEM00763,ORD0437,PROD005,1,1500.0
ITEM00764,ORD0438,PROD009,11,3500.0
ITEM00765,ORD0438,PROD008,16,2200.0
ITEM00766,ORD0439,PROD010,1,2500.0
ITEM00767,ORD0439,PROD003,1,800.0
ITEM00768,ORD0440,PROD009,6,3500.0
ITEM00769,ORD0441,PROD003,3,800.0
ITEM00770,ORD0442,PROD014,2,300.0
ITEM00771,ORD0443,PROD004,1,450.0
ITEM00772,ORD0443,PROD005,2,1500.0
ITEM00773,ORD0444,PROD013,9,600.0
ITEM00774,ORD0444,PROD006,19,8500.0
ITEM00775,ORD0444,PROD001,17,4367.53
ITEM00776,ORD0445,PROD004,2,450.0
ITEM00777,ORD0445,PROD007,1,120.0
ITEM00778,ORD0445,PROD001,2,5000.0
ITEM00779,ORD0446,PROD003,3,800.0
ITEM00780,ORD0447,PROD002,8,1200.0
ITEM00781,ORD0447,PROD003,5,800.0
ITEM00782,ORD0448,PROD006,2,8500.0
ITEM00783,ORD0449,PROD013,2,600.0
ITEM00784,ORD0449,PROD009,2,2716.02
ITEM00785,ORD0449,PROD006,2,8500.0
ITEM00786,ORD0449,PROD008,1,2200.0
ITEM00787,ORD0450,PROD014,14,300.0
ITEM00788,ORD0450,PROD002,7,1200.0
ITEM00789,ORD0450,PROD007,17,120.0
ITEM00790,ORD0451,PROD005,7,1500.0
ITEM00791,ORD0452,PROD003,1,800.0
ITEM00792,ORD0453,PROD009,1,3500.0
ITEM00793,ORD0454,PROD001,2,5000.0
ITEM00794,ORD0455,PROD012,3,1200.0
ITEM00795,ORD0456,PROD014,2,300.0
ITEM00796,ORD0456,PROD003,3,800.0
ITEM00797,ORD0457,PROD013,1,600.0
ITEM00798,ORD0457,PROD011,1,6000.0
ITEM00799,ORD0458,PROD004,2,450.0
ITEM00800,ORD0459,PROD014,2,300.0
ITEM00801,ORD0460,PROD001,15,3970.5
ITEM00802,ORD0461,PROD003,6,800.0
ITEM00803,ORD0461,PROD007,10,120.0
ITEM00804,ORD0462,PROD015,1,4000.0
ITEM00805,ORD0463,PROD002,3,1200.0
ITEM00806,ORD0463,PROD008,3,2200.0
ITEM00807,ORD0463,PROD014,1,300.0
ITEM00808,ORD0463,PROD007,2,120.0
ITEM00809,ORD0464,PROD006,3,8500.0
ITEM00810,ORD0465,PROD011,20,6000.0
ITEM00811,ORD0465,PROD012,11,1200.0
ITEM00812,ORD0465,PROD002,9,1200.0
ITEM00813,ORD0465,PROD008,9,2200.0
ITEM00814,ORD0466,PROD002,3,1200.0
ITEM00815,ORD0467,PROD002,4,1200.0
ITEM00816,ORD0467,PROD004,7,450.0
ITEM00817,ORD0467,PROD014,7,300.0
ITEM00818,ORD0468,PROD009,13,3500.0
ITEM00819,ORD0468,PROD015,9,4000.0
ITEM00820,ORD0469,PROD003,3,800.0
ITEM00821,ORD0470,PROD012,3,1200.0
ITEM00822,ORD0470,PROD013,1,600.0
ITEM00823,ORD0470,PROD007,1,120.0
ITEM00824,ORD0471,PROD013,3,600.0
ITEM00825,ORD0472,PROD010,2,2500.0
ITEM00826,ORD0473,PROD011,17,6000.0
ITEM00827,ORD0474,PROD010,2,2500.0
ITEM00828,ORD0475,PROD005,7,1500.0
ITEM00829,ORD0476,PROD006,2,8500.0
ITEM00830,ORD0476,PROD003,2,800.0
ITEM00831,ORD0476,PROD005,2,1500.0
ITEM00832,ORD0477,PROD006,3,8500.0
ITEM00833,ORD0477,PROD013,2,600.0
ITEM00834,ORD0478,PROD009,3,3500.0
ITEM00835,ORD0479,PROD014,7,300.0
ITEM00836,ORD0479,PROD002,8,1200.0
ITEM00837,ORD0479,PROD015,5,4000.0
ITEM00838,ORD0479,PROD009,2,3500.0
ITEM00839,ORD0480,PROD003,3,800.0
ITEM00840,ORD0480,PROD007,3,120.0
ITEM00841,ORD0480,PROD009,3,3500.0
ITEM00842,ORD0480,PROD004,4,450.0
ITEM00843,ORD0481,PROD010,3,2500.0
ITEM00844,ORD0481,PROD014,3,300.0
ITEM00845,ORD0482,PROD009,10,3500.0
ITEM00846,ORD0483,PROD003,12,800.0
ITEM00847,ORD0484,PROD003,3,800.0
ITEM00848,ORD0484,PROD009,1,3500.0
ITEM00849,ORD0485,PROD007,2,120.0
ITEM00850,ORD0485,PROD005,2,1500.0
ITEM00851,ORD0485,PROD015,3,4000.0
ITEM00852,ORD0485,PROD009,1,3500.0
ITEM00853,ORD0486,PROD011,3,6000.0
ITEM00854,ORD0486,PROD005,6,1500.0
ITEM00855,ORD0487,PROD013,5,600.0
ITEM00856,ORD0488,PROD003,8,800.0
ITEM00857,ORD0489,PROD004,3,450.0
ITEM00858,ORD0489,PROD007,3,120.0
ITEM00859,ORD0489,PROD013,2,600.0
ITEM00860,ORD0489,PROD003,2,800.0
ITEM00861,ORD0490,PROD012,7,1200.0
ITEM00862,ORD0491,PROD004,1,450.0
ITEM00863,ORD0491,PROD008,2,1591.61
ITEM00864,ORD0492,PROD002,8,1200.0
ITEM00865,ORD0493,PROD011,19,6000.0
ITEM00866,ORD0494,PROD012,6,1200.0
ITEM00867,ORD0495,PROD013,7,600.0
ITEM00868,ORD0496,PROD001,2,5000.0
ITEM00869,ORD0497,PROD011,2,6000.0
ITEM00870,ORD0498,PROD012,3,1200.0
ITEM00871,ORD0499,PROD005,1,1500.0
ITEM00872,ORD0500,PROD012,3,1200.0
ITEM00873,ORD0501,PROD004,5,450.0
ITEM00874,ORD0501,PROD014,5,300.0
ITEM00875,ORD0501,PROD011,7,6000.0
ITEM00876,ORD0502,PROD014,7,300.0
ITEM00877,ORD0502,PROD012,4,1200.0
ITEM00878,ORD0503,PROD011,8,6000.0
ITEM00879,ORD0504,PROD001,2,5000.0
ITEM00880,ORD0505,PROD010,2,2500.0
ITEM00881,ORD0506,PROD005,1,1500.0
ITEM00882,ORD0507,PROD008,3,2200.0
ITEM00883,ORD0507,PROD009,3,3500.0
ITEM00884,ORD0507,PROD010,3,2500.0
ITEM00885,ORD0508,PROD010,3,2500.0
ITEM00886,ORD0508,PROD014,3,300.0
ITEM00887,ORD0509,PROD004,3,450.0
ITEM00888,ORD0509,PROD006,2,8500.0
ITEM00889,ORD0509,PROD010,3,2500.0
ITEM00890,ORD0509,PROD011,2,6000.0
ITEM00891,ORD0510,PROD008,6,2200.0
ITEM00892,ORD0511,PROD007,3,120.0
ITEM00893,ORD0512,PROD015,2,4000.0
ITEM00894,ORD0513,PROD011,4,6000.0
ITEM00895,ORD0514,PROD013,5,600.0
ITEM00896,ORD0514,PROD001,4,5000.0
ITEM00897,ORD0514,PROD012,7,1200.0
ITEM00898,ORD0515,PROD004,4,450.0
ITEM00899,ORD0515,PROD005,7,1500.0
ITEM00900,ORD0515,PROD008,8,2200.0
ITEM00901,ORD0515,PROD001,6,5000.0
ITEM00902,ORD0516,PROD006,2,8500.0
ITEM00903,ORD0516,PROD012,1,1200.0
ITEM00904,ORD0517,PROD006,3,8500.0
ITEM00905,ORD0517,PROD015,1,4000.0
ITEM00906,ORD0517,PROD010,2,2500.0
ITEM00907,ORD0518,PROD011,2,6000.0
ITEM00908,ORD0518,PROD007,3,120.0
ITEM00909,ORD0519,PROD005,3,1500.0
ITEM00910,ORD0520,PROD008,16,2200.0
ITEM00911,ORD0521,PROD006,14,8500.0
ITEM00912,ORD0521,PROD001,14,5000.0
ITEM00913,ORD0521,PROD002,10,1200.0
ITEM00914,ORD0521,PROD004,7,450.0
ITEM00915,ORD0522,PROD010,3,2500.0
ITEM00916,ORD0523,PROD012,15,1200.0
ITEM00917,ORD0524,PROD015,5,4000.0
ITEM00918,ORD0525,PROD014,7,300.0
ITEM00919,ORD0525,PROD013,12,600.0
ITEM00920,ORD0525,PROD005,6,1500.0
ITEM00921,ORD0525,PROD010,9,2500.0
ITEM00922,ORD0526,PROD008,1,2200.0
ITEM00923,ORD0527,PROD004,1,450.0
ITEM00924,ORD0527,PROD015,2,4000.0
ITEM00925,ORD0527,PROD008,1,2200.0
ITEM00926,ORD0527,PROD011,2,6000.0
ITEM00927,ORD0528,PROD009,6,3500.0
ITEM00928,ORD0529,PROD009,17,3500.0
ITEM00929,ORD0530,PROD007,7,120.0
ITEM00930,ORD0530,PROD012,4,1200.0
ITEM00931,ORD0530,PROD005,4,1500.0
ITEM00932,ORD0531,PROD015,1,4000.0
ITEM00933,ORD0532,PROD012,1,1200.0
ITEM00934,ORD0533,PROD012,6,1200.0
ITEM00935,ORD0533,PROD004,2,450.0
ITEM00936,ORD0533,PROD013,8,600.0
ITEM00937,ORD0534,PROD009,1,3500.0
ITEM00938,ORD0534,PROD006,3,8500.0
ITEM00939,ORD0535,PROD012,3,1200.0
ITEM00940,ORD0536,PROD004,6,450.0
ITEM00941,ORD0536,PROD008,19,2200.0
ITEM00942,ORD0536,PROD005,18,1500.0
ITEM00943,ORD0537,PROD001,6,5000.0
ITEM00944,ORD0537,PROD009,20,3500.0
ITEM00945,ORD0537,PROD008,9,2200.0
ITEM00946,ORD0537,PROD014,16,300.0
ITEM00947,ORD0538,PROD010,7,2048.87
ITEM00948,ORD0538,PROD005,5,1500.0
ITEM00949,ORD0539,PROD007,2,120.0
ITEM00950,ORD0539,PROD004,3,450.0
ITEM00951,ORD0539,PROD011,2,6000.0
ITEM00952,ORD0540,PROD009,1,3500.0
ITEM00953,ORD0540,PROD007,3,120.0
ITEM00954,ORD0541,PROD010,2,2500.0
ITEM00955,ORD0541,PROD001,1,5000.0
ITEM00956,ORD0541,PROD012,3,1200.0
ITEM00957,ORD0542,PROD004,3,450.0
ITEM00958,ORD0543,PROD003,3,708.61
ITEM00959,ORD0543,PROD014,7,300.0
ITEM00960,ORD0544,PROD007,3,120.0
ITEM00961,ORD0545,PROD013,5,600.0
ITEM00962,ORD0545,PROD007,3,120.0
ITEM00963,ORD0546,PROD005,4,1500.0
ITEM00964,ORD0547,PROD005,2,1500.0
ITEM00965,ORD0548,PROD004,3,450.0
ITEM00966,ORD0549,PROD002,2,1200.0
ITEM00967,ORD0549,PROD006,3,8500.0
ITEM00968,ORD0550,PROD001,16,5000.0
ITEM00969,ORD0550,PROD009,5,3500.0
ITEM00970,ORD0550,PROD015,5,3107.8
ITEM00971,ORD0551,PROD015,6,4000.0
ITEM00972,ORD0552,PROD003,6,800.0
ITEM00973,ORD0552,PROD004,6,450.0
ITEM00974,ORD0552,PROD011,4,6000.0
ITEM00975,ORD0553,PROD003,2,800.0
ITEM00976,ORD0553,PROD010,2,2500.0
ITEM00977,ORD0554,PROD003,19,566.2
ITEM00978,ORD0554,PROD009,8,3500.0
ITEM00979,ORD0554,PROD015,14,4000.0
ITEM00980,ORD0555,PROD011,3,6000.0
ITEM00981,ORD0556,PROD002,5,1200.0
ITEM00982,ORD0557,PROD010,4,2500.0
ITEM00983,ORD0558,PROD009,19,3500.0
ITEM00984,ORD0558,PROD014,7,300.0
ITEM00985,ORD0558,PROD007,16,120.0
ITEM00986,ORD0559,PROD008,6,2200.0
ITEM00987,ORD0559,PROD004,20,450.0
ITEM00988,ORD0559,PROD013,8,600.0
ITEM00989,ORD0559,PROD007,7,120.0
ITEM00990,ORD0560,PROD009,3,3500.0
ITEM00991,ORD0561,PROD007,3,120.0
ITEM00992,ORD0561,PROD013,2,600.0
ITEM00993,ORD0562,PROD004,2,450.0
ITEM00994,ORD0563,PROD007,5,120.0
ITEM00995,ORD0564,PROD002,4,1200.0
ITEM00996,ORD0565,PROD005,2,1500.0
ITEM00997,ORD0565,PROD008,3,2200.0
ITEM00998,ORD0566,PROD004,3,450.0
ITEM00999,ORD0566,PROD002,3,1200.0
ITEM01000,ORD0566,PROD005,3,1500.0
ITEM01001,ORD0567,PROD001,1,5000.0
ITEM01002,ORD0568,PROD006,6,8500.0
ITEM01003,ORD0569,PROD007,6,120.0
ITEM01004,ORD0569,PROD012,3,1200.0
ITEM01005,ORD0570,PROD001,1,5000.0
ITEM01006,ORD0570,PROD004,1,450.0
ITEM01007,ORD0571,PROD002,1,1200.0
ITEM01008,ORD0571,PROD012,3,1200.0
ITEM01009,ORD0572,PROD015,17,4000.0
ITEM01010,ORD0573,PROD015,2,4000.0
ITEM01011,ORD0573,PROD005,7,1500.0
ITEM01012,ORD0574,PROD003,2,800.0
ITEM01013,ORD0574,PROD007,2,120.0
ITEM01014,ORD0574,PROD004,1,450.0
ITEM01015,ORD0575,PROD005,14,1500.0
ITEM01016,ORD0575,PROD007,13,120.0
ITEM01017,ORD0576,PROD014,2,300.0
ITEM01018,ORD0577,PROD004,5,450.0
ITEM01019,ORD0577,PROD014,2,300.0
ITEM01020,ORD0577,PROD013,5,600.0
ITEM01021,ORD0578,PROD003,7,800.0
ITEM01022,ORD0578,PROD011,7,6000.0
ITEM01023,ORD0579,PROD013,2,600.0
ITEM01024,ORD0580,PROD003,13,800.0
ITEM01025,ORD0580,PROD012,17,1200.0
ITEM01026,ORD0581,PROD014,13,300.0
ITEM01027,ORD0582,PROD014,3,300.0
ITEM01028,ORD0583,PROD008,1,2200.0
ITEM01029,ORD0583,PROD004,1,450.0
ITEM01030,ORD0584,PROD004,1,450.0
ITEM01031,ORD0585,PROD013,7,600.0
ITEM01032,ORD0586,PROD010,16,2500.0
ITEM01033,ORD0587,PROD010,6,2500.0
ITEM01034,ORD0588,PROD004,3,450.0
ITEM01035,ORD0588,PROD013,2,600.0
ITEM01036,ORD0589,PROD006,1,8500.0
ITEM01037,ORD0589,PROD014,1,300.0
ITEM01038,ORD0589,PROD005,1,1500.0
ITEM01039,ORD0590,PROD005,3,1500.0
ITEM01040,ORD0591,PROD004,2,450.0
ITEM01041,ORD0592,PROD014,19,300.0
ITEM01042,ORD0593,PROD009,14,3500.0
ITEM01043,ORD0594,PROD006,6,8500.0
ITEM01044,ORD0595,PROD009,3,2954.34
ITEM01045,ORD0596,PROD006,1,8500.0
ITEM01046,ORD0596,PROD015,1,4000.0
ITEM01047,ORD0597,PROD001,6,5000.0
ITEM01048,ORD0598,PROD002,3,1200.0
ITEM01049,ORD0598,PROD014,2,300.0
ITEM01050,ORD0599,PROD011,2,6000.0
ITEM01051,ORD0600,PROD005,3,1500.0
ITEM01052,ORD0600,PROD011,3,6000.0
ITEM01053,ORD0601,PROD005,4,1500.0
ITEM01054,ORD0602,PROD008,2,2200.0
ITEM01055,ORD0602,PROD003,2,800.0
ITEM01056,ORD0603,PROD012,1,1200.0
ITEM01057,ORD0604,PROD005,3,1500.0
ITEM01058,ORD0605,PROD013,4,600.0
ITEM01059,ORD0606,PROD012,6,1200.0
ITEM01060,ORD0607,PROD003,1,800.0
ITEM01061,ORD0607,PROD014,2,300.0
ITEM01062,ORD0607,PROD011,2,6000.0
ITEM01063,ORD0607,PROD006,2,8500.0
ITEM01064,ORD0608,PROD006,2,8500.0
ITEM01065,ORD0609,PROD009,1,3500.0
ITEM01066,ORD0610,PROD010,16,2500.0
ITEM01067,ORD0610,PROD004,18,450.0
ITEM01068,ORD0611,PROD007,9,120.0
ITEM01069,ORD0612,PROD008,8,2200.0
ITEM01070,ORD0612,PROD005,8,1500.0
ITEM01071,ORD0613,PROD004,4,450.0
ITEM01072,ORD0614,PROD007,6,120.0
ITEM01073,ORD0615,PROD001,2,5000.0
ITEM01074,ORD0615,PROD012,1,1200.0
ITEM01075,ORD0615,PROD004,3,450.0
ITEM01076,ORD0616,PROD011,3,6000.0
ITEM01077,ORD0616,PROD007,1,120.0
ITEM01078,ORD0617,PROD004,8,450.0
ITEM01079,ORD0618,PROD008,6,2200.0
ITEM01080,ORD0618,PROD006,6,8500.0
ITEM01081,ORD0619,PROD001,1,5000.0
ITEM01082,ORD0619,PROD011,1,5304.21
ITEM01083,ORD0620,PROD006,4,8500.0
ITEM01084,ORD0620,PROD014,4,300.0
ITEM01085,ORD0620,PROD002,3,1200.0
ITEM01086,ORD0621,PROD002,4,1200.0
ITEM01087,ORD0622,PROD015,2,4000.0
ITEM01088,ORD0623,PROD005,2,1500.0
ITEM01089,ORD0623,PROD015,3,4000.0
ITEM01090,ORD0624,PROD007,1,120.0
ITEM01091,ORD0625,PROD003,6,800.0
ITEM01092,ORD0625,PROD009,7,3500.0
ITEM01093,ORD0626,PROD015,1,4000.0
ITEM01094,ORD0626,PROD004,1,450.0
ITEM01095,ORD0627,PROD001,9,5000.0
ITEM01096,ORD0628,PROD008,10,2200.0
ITEM01097,ORD0629,PROD014,2,300.0
ITEM01098,ORD0629,PROD006,1,8500.0
ITEM01099,ORD0630,PROD008,7,2200.0
ITEM01100,ORD0631,PROD002,1,1200.0
ITEM01101,ORD0631,PROD006,2,8500.0
ITEM01102,ORD0631,PROD015,1,4000.0
ITEM01103,ORD0632,PROD011,4,6000.0
ITEM01104,ORD0632,PROD004,8,450.0
ITEM01105,ORD0632,PROD015,2,4000.0
ITEM01106,ORD0633,PROD008,18,2200.0
ITEM01107,ORD0633,PROD001,16,5000.0
ITEM01108,ORD0633,PROD010,11,2500.0
ITEM01109,ORD0633,PROD013,5,600.0
ITEM01110,ORD0634,PROD001,7,5000.0
ITEM01111,ORD0634,PROD011,5,6000.0
ITEM01112,ORD0634,PROD004,4,450.0
ITEM01113,ORD0635,PROD013,2,600.0
ITEM01114,ORD0635,PROD011,2,6000.0
ITEM01115,ORD0636,PROD015,6,3258.92
ITEM01116,ORD0637,PROD004,20,450.0
ITEM01117,ORD0638,PROD011,4,6000.0
ITEM01118,ORD0639,PROD013,6,600.0
ITEM01119,ORD0640,PROD007,4,120.0
ITEM01120,ORD0640,PROD012,4,1200.0
ITEM01121,ORD0641,PROD008,4,2200.0
ITEM01122,ORD0641,PROD005,5,1500.0
ITEM01123,ORD0642,PROD011,2,6000.0
ITEM01124,ORD0643,PROD001,1,5000.0
ITEM01125,ORD0643,PROD013,1,600.0
ITEM01126,ORD0643,PROD003,1,800.0
ITEM01127,ORD0644,PROD002,8,1200.0
ITEM01128,ORD0645,PROD012,2,1200.0
ITEM01129,ORD0645,PROD013,3,600.0
ITEM01130,ORD0646,PROD014,7,300.0
ITEM01131,ORD0646,PROD008,8,2200.0
ITEM01132,ORD0647,PROD001,1,5000.0
ITEM01133,ORD0647,PROD012,3,1200.0
ITEM01134,ORD0648,PROD012,1,1029.98
ITEM01135,ORD0649,PROD001,7,5000.0
ITEM01136,ORD0650,PROD009,3,3500.0
ITEM01137,ORD0651,PROD008,6,2200.0
ITEM01138,ORD0652,PROD012,3,1200.0
ITEM01139,ORD0653,PROD008,1,2200.0
ITEM01140,ORD0653,PROD003,1,800.0
ITEM01141,ORD0653,PROD009,3,3500.0
ITEM01142,ORD0654,PROD002,3,1200.0
ITEM01143,ORD0655,PROD014,4,300.0
ITEM01144,ORD0656,PROD007,14,120.0
ITEM01145,ORD0657,PROD005,5,1500.0
ITEM01146,ORD0657,PROD004,4,450.0
ITEM01147,ORD0658,PROD011,4,6000.0
ITEM01148,ORD0658,PROD015,3,4000.0
ITEM01149,ORD0659,PROD006,3,8500.0
ITEM01150,ORD0660,PROD007,3,120.0
ITEM01151,ORD0660,PROD002,3,1200.0
ITEM01152,ORD0661,PROD011,8,6000.0
ITEM01153,ORD0661,PROD002,4,1200.0
ITEM01154,ORD0661,PROD006,6,8500.0
ITEM01155,ORD0661,PROD010,2,2500.0
ITEM01156,ORD0662,PROD006,4,8500.0
ITEM01157,ORD0662,PROD008,5,2200.0
ITEM01158,ORD0663,PROD008,15,2200.0
ITEM01159,ORD0664,PROD004,1,450.0
ITEM01160,ORD0664,PROD010,2,2500.0
ITEM01161,ORD0665,PROD006,5,8500.0
ITEM01162,ORD0665,PROD013,5,600.0
ITEM01163,ORD0665,PROD007,3,120.0
ITEM01164,ORD0666,PROD001,8,5000.0
ITEM01165,ORD0667,PROD014,3,300.0
ITEM01166,ORD0668,PROD007,3,120.0
ITEM01167,ORD0669,PROD003,1,800.0
ITEM01168,ORD0670,PROD003,2,800.0
ITEM01169,ORD0671,PROD007,1,120.0
ITEM01170,ORD0672,PROD009,20,3500.0
ITEM01171,ORD0672,PROD005,20,1500.0
ITEM01172,ORD0672,PROD004,10,450.0
ITEM01173,ORD0672,PROD013,6,600.0
ITEM01174,ORD0673,PROD006,3,8500.0
ITEM01175,ORD0674,PROD004,6,450.0
ITEM01176,ORD0675,PROD007,2,120.0
ITEM01177,ORD0675,PROD008,2,2200.0
ITEM01178,ORD0675,PROD001,3,5000.0
ITEM01179,ORD0676,PROD010,3,2500.0
ITEM01180,ORD0676,PROD003,3,800.0
ITEM01181,ORD0677,PROD003,3,800.0
ITEM01182,ORD0677,PROD006,1,6579.01
ITEM01183,ORD0678,PROD006,3,8500.0
ITEM01184,ORD0679,PROD006,13,8500.0
ITEM01185,ORD0679,PROD011,15,6000.0
ITEM01186,ORD0679,PROD008,9,2200.0
ITEM01187,ORD0680,PROD010,3,2500.0
ITEM01188,ORD0680,PROD004,1,450.0
ITEM01189,ORD0681,PROD010,2,2500.0
ITEM01190,ORD0682,PROD015,1,4000.0
ITEM01191,ORD0683,PROD006,1,8500.0
ITEM01192,ORD0684,PROD015,3,4000.0
ITEM01193,ORD0685,PROD013,1,600.0
ITEM01194,ORD0686,PROD003,2,800.0
ITEM01195,ORD0687,PROD004,12,450.0
ITEM01196,ORD0688,PROD014,3,300.0
ITEM01197,ORD0689,PROD005,2,1500.0
ITEM01198,ORD0690,PROD015,6,4000.0
ITEM01199,ORD0691,PROD004,1,450.0
ITEM01200,ORD0691,PROD010,1,2500.0
ITEM01201,ORD0691,PROD014,1,300.0
ITEM01202,ORD0692,PROD004,2,450.0
ITEM01203,ORD0692,PROD013,1,600.0
ITEM01204,ORD0693,PROD005,1,1243.2
ITEM01205,ORD0694,PROD006,2,8500.0
ITEM01206,ORD0695,PROD008,10,2200.0
ITEM01207,ORD0695,PROD011,15,6000.0
ITEM01208,ORD0695,PROD007,13,120.0
ITEM01209,ORD0695,PROD009,11,3500.0
ITEM01210,ORD0696,PROD003,3,800.0
ITEM01211,ORD0697,PROD002,20,1200.0
ITEM01212,ORD0697,PROD001,15,5000.0
ITEM01213,ORD0697,PROD006,17,8500.0
ITEM01214,ORD0697,PROD009,18,3500.0
ITEM01215,ORD0698,PROD006,3,8500.0
ITEM01216,ORD0699,PROD005,2,1500.0
ITEM01217,ORD0700,PROD015,1,4000.0
ITEM01218,ORD0700,PROD009,3,3500.0
ITEM01219,ORD0701,PROD002,1,1200.0
ITEM01220,ORD0702,PROD012,2,1200.0
ITEM01221,ORD0702,PROD004,4,450.0
ITEM01222,ORD0703,PROD013,1,600.0
ITEM01223,ORD0704,PROD009,3,3500.0
ITEM01224,ORD0704,PROD007,3,120.0
ITEM01225,ORD0705,PROD014,10,300.0
ITEM01226,ORD0705,PROD004,13,450.0
ITEM01227,ORD0705,PROD008,6,2200.0
ITEM01228,ORD0706,PROD001,8,5000.0
ITEM01229,ORD0706,PROD011,5,6000.0
ITEM01230,ORD0707,PROD004,3,450.0
ITEM01231,ORD0708,PROD006,2,8500.0
ITEM01232,ORD0709,PROD007,14,120.0
ITEM01233,ORD0709,PROD001,18,5000.0
ITEM01234,ORD0710,PROD010,6,2500.0
ITEM01235,ORD0711,PROD001,7,5000.0
ITEM01236,ORD0711,PROD006,4,8500.0
ITEM01237,ORD0712,PROD007,6,99.06
ITEM01238,ORD0712,PROD004,6,450.0
ITEM01239,ORD0712,PROD003,6,800.0
ITEM01240,ORD0713,PROD014,3,300.0
ITEM01241,ORD0714,PROD004,4,450.0
ITEM01242,ORD0715,PROD011,14,6000.0
ITEM01243,ORD0716,PROD011,7,6000.0
ITEM01244,ORD0717,PROD003,8,800.0
ITEM01245,ORD0718,PROD012,3,1200.0
ITEM01246,ORD0718,PROD014,7,300.0
ITEM01247,ORD0718,PROD004,8,450.0
ITEM01248,ORD0719,PROD010,2,2500.0
ITEM01249,ORD0720,PROD011,12,6000.0
ITEM01250,ORD0721,PROD005,1,1500.0
ITEM01251,ORD0721,PROD004,1,450.0
ITEM01252,ORD0721,PROD009,2,3500.0
ITEM01253,ORD0722,PROD007,2,120.0
ITEM01254,ORD0722,PROD012,3,1200.0
ITEM01255,ORD0722,PROD006,2,8500.0
ITEM01256,ORD0723,PROD013,8,600.0
ITEM01257,ORD0723,PROD011,2,6000.0
ITEM01258,ORD0724,PROD014,2,300.0
ITEM01259,ORD0724,PROD001,4,5000.0
ITEM01260,ORD0724,PROD010,4,2500.0
ITEM01261,ORD0725,PROD003,6,800.0
ITEM01262,ORD0725,PROD002,11,1200.0
ITEM01263,ORD0726,PROD006,13,8500.0
ITEM01264,ORD0726,PROD002,5,1200.0
ITEM01265,ORD0727,PROD002,2,1200.0
ITEM01266,ORD0728,PROD015,1,4000.0
ITEM01267,ORD0729,PROD011,1,6000.0
ITEM01268,ORD0729,PROD013,2,600.0
ITEM01269,ORD0730,PROD012,3,1200.0
ITEM01270,ORD0731,PROD012,4,975.18
ITEM01271,ORD0731,PROD009,2,3500.0
ITEM01272,ORD0731,PROD005,3,1500.0
ITEM01273,ORD0732,PROD007,2,94.38
ITEM01274,ORD0733,PROD003,1,800.0
ITEM01275,ORD0734,PROD002,2,1200.0
ITEM01276,ORD0735,PROD004,13,339.48
ITEM01277,ORD0735,PROD013,11,600.0
ITEM01278,ORD0736,PROD001,3,5000.0
ITEM01279,ORD0737,PROD014,3,300.0
ITEM01280,ORD0737,PROD007,2,120.0
ITEM01281,ORD0738,PROD012,2,1200.0
ITEM01282,ORD0738,PROD001,3,5000.0
ITEM01283,ORD0739,PROD009,3,3500.0
ITEM01284,ORD0739,PROD003,3,800.0
ITEM01285,ORD0739,PROD006,1,8500.0
ITEM01286,ORD0740,PROD007,6,120.0
ITEM01287,ORD0740,PROD003,5,800.0
ITEM01288,ORD0741,PROD003,3,800.0
ITEM01289,ORD0741,PROD014,2,300.0
ITEM01290,ORD0742,PROD007,2,120.0
ITEM01291,ORD0743,PROD006,19,8500.0
ITEM01292,ORD0743,PROD015,10,4000.0
ITEM01293,ORD0743,PROD011,15,6000.0
ITEM01294,ORD0744,PROD011,4,6000.0
ITEM01295,ORD0744,PROD003,8,800.0
ITEM01296,ORD0744,PROD010,8,2500.0
ITEM01297,ORD0745,PROD014,8,300.0
ITEM01298,ORD0746,PROD002,2,1200.0
ITEM01299,ORD0746,PROD014,3,300.0
ITEM01300,ORD0747,PROD010,4,2500.0
ITEM01301,ORD0747,PROD001,7,5000.0
ITEM01302,ORD0748,PROD011,8,6000.0
ITEM01303,ORD0748,PROD012,2,1200.0
ITEM01304,ORD0749,PROD006,3,8500.0
ITEM01305,ORD0749,PROD009,2,3500.0
ITEM01306,ORD0749,PROD007,2,120.0
ITEM01307,ORD0750,PROD002,7,1200.0
ITEM01308,ORD0750,PROD004,3,450.0
ITEM01309,ORD0751,PROD004,8,450.0
ITEM01310,ORD0751,PROD012,7,1200.0
ITEM01311,ORD0751,PROD001,14,5000.0
ITEM01312,ORD0752,PROD014,11,300.0
ITEM01313,ORD0753,PROD014,11,211.87
ITEM01314,ORD0754,PROD003,8,800.0
ITEM01315,ORD0755,PROD005,5,1500.0
ITEM01316,ORD0756,PROD006,3,8500.0
ITEM01317,ORD0757,PROD005,5,1500.0
ITEM01318,ORD0757,PROD006,4,8500.0
ITEM01319,ORD0758,PROD008,6,2200.0
ITEM01320,ORD0758,PROD011,7,6000.0
ITEM01321,ORD0759,PROD006,2,7141.07
ITEM01322,ORD0760,PROD007,1,120.0
ITEM01323,ORD0760,PROD013,3,600.0
ITEM01324,ORD0760,PROD009,2,3500.0
ITEM01325,ORD0761,PROD001,2,5000.0
ITEM01326,ORD0761,PROD007,8,120.0
ITEM01327,ORD0762,PROD009,2,3500.0
ITEM01328,ORD0763,PROD012,2,1200.0
ITEM01329,ORD0763,PROD011,7,6000.0
ITEM01330,ORD0764,PROD008,4,2200.0
ITEM01331,ORD0764,PROD001,8,5000.0
ITEM01332,ORD0765,PROD010,5,2500.0
ITEM01333,ORD0766,PROD010,3,2500.0
ITEM01334,ORD0766,PROD014,3,300.0
ITEM01335,ORD0767,PROD008,3,2200.0
ITEM01336,ORD0767,PROD005,3,1500.0
ITEM01337,ORD0768,PROD010,1,2500.0
ITEM01338,ORD0769,PROD015,2,4000.0
ITEM01339,ORD0770,PROD005,15,1500.0
ITEM01340,ORD0771,PROD014,3,300.0
ITEM01341,ORD0771,PROD002,3,1026.18
ITEM01342,ORD0772,PROD015,5,4000.0
ITEM01343,ORD0772,PROD003,3,800.0
ITEM01344,ORD0772,PROD013,8,600.0
ITEM01345,ORD0773,PROD004,3,450.0
ITEM01346,ORD0773,PROD012,1,1200.0
ITEM01347,ORD0773,PROD008,1,2200.0
ITEM01348,ORD0774,PROD010,2,2500.0
ITEM01349,ORD0774,PROD015,3,4000.0
ITEM01350,ORD0774,PROD001,3,5000.0
ITEM01351,ORD0774,PROD008,3,2200.0
ITEM01352,ORD0775,PROD007,2,120.0
ITEM01353,ORD0775,PROD008,6,2200.0
ITEM01354,ORD0776,PROD002,2,1200.0
ITEM01355,ORD0777,PROD008,6,2200.0
ITEM01356,ORD0777,PROD007,3,120.0
ITEM01357,ORD0778,PROD010,1,2500.0
ITEM01358,ORD0779,PROD009,2,3500.0
ITEM01359,ORD0780,PROD013,7,600.0
ITEM01360,ORD0781,PROD009,1,3500.0
ITEM01361,ORD0782,PROD003,17,569.6
ITEM01362,ORD0783,PROD002,13,1200.0
ITEM01363,ORD0783,PROD009,5,3500.0
ITEM01364,ORD0784,PROD006,1,8500.0
ITEM01365,ORD0784,PROD004,2,450.0
ITEM01366,ORD0784,PROD008,1,2200.0
ITEM01367,ORD0785,PROD011,7,6000.0
ITEM01368,ORD0786,PROD003,3,800.0
ITEM01369,ORD0786,PROD011,1,6000.0
ITEM01370,ORD0786,PROD015,1,4000.0
ITEM01371,ORD0787,PROD013,5,600.0
ITEM01372,ORD0788,PROD004,8,450.0
ITEM01373,ORD0789,PROD007,1,120.0
ITEM01374,ORD0790,PROD001,7,5000.0
ITEM01375,ORD0790,PROD004,4,450.0
ITEM01376,ORD0791,PROD014,3,300.0
ITEM01377,ORD0791,PROD004,2,450.0
ITEM01378,ORD0792,PROD015,7,4000.0
ITEM01379,ORD0792,PROD007,7,120.0
ITEM01380,ORD0793,PROD005,8,1500.0
ITEM01381,ORD0793,PROD008,6,1569.19
ITEM01382,ORD0794,PROD015,9,4000.0
ITEM01383,ORD0795,PROD005,2,1500.0
ITEM01384,ORD0796,PROD015,4,4000.0
ITEM01385,ORD0796,PROD006,6,8500.0
ITEM01386,ORD0797,PROD008,3,2200.0
ITEM01387,ORD0798,PROD014,6,300.0
ITEM01388,ORD0798,PROD012,7,1200.0
ITEM01389,ORD0799,PROD010,5,2500.0
ITEM01390,ORD0799,PROD003,7,800.0
ITEM01391,ORD0800,PROD009,3,3500.0
ITEM01392,ORD0801,PROD005,4,1500.0
ITEM01393,ORD0802,PROD004,2,450.0
ITEM01394,ORD0802,PROD006,3,8500.0
ITEM01395,ORD0803,PROD004,7,450.0
ITEM01396,ORD0803,PROD014,4,300.0
ITEM01397,ORD0803,PROD006,7,8500.0
ITEM01398,ORD0803,PROD009,8,3500.0
ITEM01399,ORD0804,PROD013,3,600.0
ITEM01400,ORD0804,PROD015,3,4000.0
ITEM01401,ORD0805,PROD009,1,3500.0
ITEM01402,ORD0805,PROD006,3,8500.0
ITEM01403,ORD0806,PROD012,14,1200.0
ITEM01404,ORD0807,PROD013,7,600.0
ITEM01405,ORD0808,PROD011,8,6000.0
ITEM01406,ORD0809,PROD008,3,2200.0
ITEM01407,ORD0810,PROD009,3,3500.0
ITEM01408,ORD0810,PROD006,2,8500.0
ITEM01409,ORD0811,PROD014,1,300.0
ITEM01410,ORD0811,PROD009,2,3500.0
ITEM01411,ORD0811,PROD007,2,120.0
ITEM01412,ORD0811,PROD001,3,5000.0
ITEM01413,ORD0812,PROD010,2,2500.0
ITEM01414,ORD0813,PROD007,7,120.0
ITEM01415,ORD0814,PROD008,17,2200.0
ITEM01416,ORD0814,PROD007,9,120.0
ITEM01417,ORD0815,PROD013,1,600.0
ITEM01418,ORD0816,PROD002,13,1200.0
ITEM01419,ORD0817,PROD012,3,1200.0
ITEM01420,ORD0818,PROD011,3,6000.0
ITEM01421,ORD0819,PROD010,7,2500.0
ITEM01422,ORD0820,PROD004,1,450.0
ITEM01423,ORD0821,PROD005,2,1500.0
ITEM01424,ORD0821,PROD009,1,2858.88
ITEM01425,ORD0822,PROD003,2,800.0
ITEM01426,ORD0822,PROD013,3,439.25
ITEM01427,ORD0823,PROD010,8,2500.0
ITEM01428,ORD0823,PROD005,2,1500.0
ITEM01429,ORD0824,PROD004,2,450.0
ITEM01430,ORD0825,PROD015,1,3336.93
ITEM01431,ORD0825,PROD004,2,450.0
ITEM01432,ORD0825,PROD005,3,1500.0
ITEM01433,ORD0826,PROD004,1,450.0
ITEM01434,ORD0827,PROD008,5,2200.0
ITEM01435,ORD0828,PROD014,2,255.9
ITEM01436,ORD0828,PROD010,1,2500.0
ITEM01437,ORD0828,PROD013,2,600.0
ITEM01438,ORD0829,PROD006,5,8500.0
ITEM01439,ORD0829,PROD015,5,4000.0
ITEM01440,ORD0829,PROD001,6,5000.0
ITEM01441,ORD0830,PROD002,17,1200.0
ITEM01442,ORD0831,PROD004,2,450.0
ITEM01443,ORD0832,PROD012,4,1200.0
ITEM01444,ORD0833,PROD015,2,4000.0
ITEM01445,ORD0834,PROD010,3,2500.0
ITEM01446,ORD0834,PROD004,2,450.0
ITEM01447,ORD0835,PROD010,4,2500.0
ITEM01448,ORD0836,PROD007,19,120.0
ITEM01449,ORD0837,PROD005,2,1500.0
ITEM01450,ORD0838,PROD005,5,1500.0
ITEM01451,ORD0839,PROD010,7,2500.0
ITEM01452,ORD0840,PROD004,2,450.0
ITEM01453,ORD0840,PROD014,4,300.0
ITEM01454,ORD0841,PROD012,3,1200.0
ITEM01455,ORD0842,PROD001,2,5000.0
ITEM01456,ORD0842,PROD005,4,1500.0
ITEM01457,ORD0843,PROD014,5,300.0
ITEM01458,ORD0844,PROD004,1,450.0
ITEM01459,ORD0844,PROD007,1,120.0
ITEM01460,ORD0844,PROD005,3,1500.0
ITEM01461,ORD0845,PROD013,8,600.0
ITEM01462,ORD0845,PROD014,3,300.0
ITEM01463,ORD0846,PROD007,3,120.0
ITEM01464,ORD0847,PROD004,1,450.0
ITEM01465,ORD0847,PROD010,1,2500.0
ITEM01466,ORD0847,PROD012,1,1200.0
ITEM01467,ORD0848,PROD009,2,3500.0
ITEM01468,ORD0848,PROD013,1,600.0
ITEM01469,ORD0849,PROD013,2,600.0
ITEM01470,ORD0850,PROD005,3,1500.0
ITEM01471,ORD0851,PROD015,5,4000.0
ITEM01472,ORD0851,PROD001,2,5000.0
ITEM01473,ORD0852,PROD004,2,450.0
ITEM01474,ORD0852,PROD014,2,300.0
ITEM01475,ORD0852,PROD010,2,2500.0
ITEM01476,ORD0853,PROD004,3,450.0
ITEM01477,ORD0854,PROD002,3,950.59
ITEM01478,ORD0854,PROD007,8,120.0
ITEM01479,ORD0855,PROD009,3,3500.0
ITEM01480,ORD0855,PROD015,3,4000.0
ITEM01481,ORD0856,PROD009,17,3500.0
ITEM01482,ORD0856,PROD006,18,8500.0
ITEM01483,ORD0857,PROD003,3,800.0
ITEM01484,ORD0857,PROD013,4,600.0
ITEM01485,ORD0857,PROD001,2,5000.0
ITEM01486,ORD0858,PROD007,2,120.0
ITEM01487,ORD0859,PROD004,8,354.2
ITEM01488,ORD0860,PROD003,3,800.0
ITEM01489,ORD0860,PROD008,3,2200.0
ITEM01490,ORD0861,PROD007,1,89.45
ITEM01491,ORD0861,PROD004,2,450.0
ITEM01492,ORD0862,PROD012,19,1200.0
ITEM01493,ORD0863,PROD003,2,800.0
ITEM01494,ORD0864,PROD003,3,800.0
ITEM01495,ORD0865,PROD001,4,5000.0
ITEM01496,ORD0866,PROD011,2,6000.0
ITEM01497,ORD0867,PROD014,3,300.0
ITEM01498,ORD0868,PROD014,2,300.0
ITEM01499,ORD0869,PROD005,3,1500.0
ITEM01500,ORD0870,PROD003,13,800.0
ITEM01501,ORD0870,PROD012,11,1200.0
ITEM01502,ORD0870,PROD014,16,234.2
ITEM01503,ORD0870,PROD009,19,3500.0
ITEM01504,ORD0871,PROD006,1,8500.0
ITEM01505,ORD0872,PROD015,2,4000.0
ITEM01506,ORD0872,PROD008,3,1882.9
ITEM01507,ORD0873,PROD010,1,2500.0
ITEM01508,ORD0873,PROD009,1,3500.0
ITEM01509,ORD0874,PROD011,3,6000.0
ITEM01510,ORD0875,PROD005,1,1500.0
ITEM01511,ORD0875,PROD003,1,800.0
ITEM01512,ORD0876,PROD007,1,120.0
ITEM01513,ORD0877,PROD003,11,800.0
ITEM01514,ORD0878,PROD013,1,600.0
ITEM01515,ORD0879,PROD015,1,4000.0
ITEM01516,ORD0879,PROD004,1,450.0
ITEM01517,ORD0880,PROD008,1,2200.0
ITEM01518,ORD0881,PROD003,8,800.0
ITEM01519,ORD0881,PROD011,19,6000.0
ITEM01520,ORD0881,PROD008,15,2200.0
ITEM01521,ORD0882,PROD014,6,300.0
ITEM01522,ORD0882,PROD008,8,2200.0
ITEM01523,ORD0882,PROD005,7,1500.0
ITEM01524,ORD0882,PROD010,6,2500.0
ITEM01525,ORD0883,PROD012,3,1200.0
ITEM01526,ORD0883,PROD010,3,2500.0
ITEM01527,ORD0884,PROD014,2,300.0
ITEM01528,ORD0885,PROD009,14,3500.0
ITEM01529,ORD0886,PROD007,14,120.0
ITEM01530,ORD0886,PROD001,13,5000.0
ITEM01531,ORD0887,PROD004,1,450.0
ITEM01532,ORD0888,PROD015,3,4000.0
ITEM01533,ORD0889,PROD009,5,3500.0
ITEM01534,ORD0889,PROD006,5,8500.0
ITEM01535,ORD0890,PROD004,1,450.0
ITEM01536,ORD0891,PROD011,2,6000.0
ITEM01537,ORD0891,PROD002,1,1200.0
ITEM01538,ORD0891,PROD013,2,600.0
ITEM01539,ORD0892,PROD001,4,5000.0
ITEM01540,ORD0893,PROD004,2,450.0
ITEM01541,ORD0894,PROD007,6,120.0
ITEM01542,ORD0895,PROD004,4,450.0
ITEM01543,ORD0896,PROD006,15,8500.0
ITEM01544,ORD0896,PROD003,7,800.0
ITEM01545,ORD0896,PROD010,7,2500.0
ITEM01546,ORD0897,PROD009,2,3500.0
ITEM01547,ORD0898,PROD013,3,600.0
ITEM01548,ORD0899,PROD001,1,5000.0
ITEM01549,ORD0899,PROD008,2,2200.0
ITEM01550,ORD0899,PROD003,3,800.0
ITEM01551,ORD0899,PROD015,3,4000.0
ITEM01552,ORD0900,PROD005,15,1500.0
ITEM01553,ORD0901,PROD002,11,1200.0
ITEM01554,ORD0901,PROD001,17,5000.0
ITEM01555,ORD0901,PROD010,20,2500.0
ITEM01556,ORD0901,PROD014,14,300.0
ITEM01557,ORD0902,PROD014,2,300.0
ITEM01558,ORD0902,PROD010,2,2500.0
ITEM01559,ORD0903,PROD011,3,6000.0
ITEM01560,ORD0904,PROD004,3,450.0
ITEM01561,ORD0905,PROD006,7,8500.0
ITEM01562,ORD0906,PROD008,2,2200.0
ITEM01563,ORD0907,PROD011,3,6000.0
ITEM01564,ORD0908,PROD015,3,4000.0
ITEM01565,ORD0909,PROD011,12,6000.0
ITEM01566,ORD0909,PROD006,9,6049.87
ITEM01567,ORD0909,PROD004,8,450.0
ITEM01568,ORD0910,PROD003,4,800.0
ITEM01569,ORD0910,PROD015,7,4000.0
ITEM01570,ORD0910,PROD012,3,1200.0
ITEM01571,ORD0910,PROD002,5,1200.0
ITEM01572,ORD0911,PROD011,14,6000.0
ITEM01573,ORD0911,PROD015,11,4000.0
ITEM01574,ORD0911,PROD009,6,3500.0
ITEM01575,ORD0912,PROD006,1,8500.0
ITEM01576,ORD0913,PROD013,1,600.0
ITEM01577,ORD0913,PROD005,2,1500.0
ITEM01578,ORD0913,PROD007,2,120.0
ITEM01579,ORD0914,PROD008,3,2200.0
ITEM01580,ORD0914,PROD003,2,800.0
ITEM01581,ORD0914,PROD006,3,8500.0
ITEM01582,ORD0915,PROD014,1,300.0
ITEM01583,ORD0916,PROD008,2,2200.0
ITEM01584,ORD0917,PROD004,5,450.0
ITEM01585,ORD0917,PROD009,3,3500.0
ITEM01586,ORD0917,PROD010,5,1754.61
ITEM01587,ORD0918,PROD006,3,8500.0
ITEM01588,ORD0919,PROD008,8,2200.0
ITEM01589,ORD0920,PROD004,15,450.0
ITEM01590,ORD0920,PROD003,13,800.0
ITEM01591,ORD0921,PROD010,1,2500.0
ITEM01592,ORD0921,PROD015,3,4000.0
ITEM01593,ORD0921,PROD014,2,300.0
ITEM01594,ORD0922,PROD005,19,1500.0
ITEM01595,ORD0922,PROD009,15,2862.52
ITEM01596,ORD0923,PROD002,6,1200.0
ITEM01597,ORD0923,PROD008,4,2200.0
ITEM01598,ORD0923,PROD007,3,120.0
ITEM01599,ORD0923,PROD014,4,300.0
ITEM01600,ORD0924,PROD014,3,300.0
ITEM01601,ORD0924,PROD004,2,335.63
ITEM01602,ORD0924,PROD011,1,6000.0
ITEM01603,ORD0925,PROD007,1,120.0
ITEM01604,ORD0926,PROD013,8,600.0
ITEM01605,ORD0926,PROD015,5,3494.84
ITEM01606,ORD0926,PROD005,7,1500.0
ITEM01607,ORD0926,PROD009,7,3500.0
ITEM01608,ORD0927,PROD011,20,6000.0
ITEM01609,ORD0927,PROD001,11,5000.0
ITEM01610,ORD0928,PROD013,8,600.0
ITEM01611,ORD0928,PROD002,5,1200.0
ITEM01612,ORD0929,PROD009,3,3500.0
ITEM01613,ORD0930,PROD002,7,1200.0
ITEM01614,ORD0930,PROD006,5,6170.79
ITEM01615,ORD0931,PROD005,3,1500.0
ITEM01616,ORD0931,PROD003,2,800.0
ITEM01617,ORD0932,PROD004,2,450.0
ITEM01618,ORD0932,PROD012,2,1200.0
ITEM01619,ORD0932,PROD003,3,800.0
ITEM01620,ORD0933,PROD002,1,1200.0
ITEM01621,ORD0933,PROD003,1,800.0
ITEM01622,ORD0934,PROD013,2,600.0
ITEM01623,ORD0935,PROD008,15,2200.0
ITEM01624,ORD0936,PROD013,2,600.0
ITEM01625,ORD0936,PROD009,2,3500.0
ITEM01626,ORD0937,PROD002,2,1200.0
ITEM01627,ORD0938,PROD007,1,120.0
ITEM01628,ORD0939,PROD001,3,5000.0
ITEM01629,ORD0940,PROD002,10,1200.0
ITEM01630,ORD0940,PROD015,10,4000.0
ITEM01631,ORD0941,PROD004,8,450.0
ITEM01632,ORD0941,PROD008,2,2200.0
ITEM01633,ORD0942,PROD013,5,600.0
ITEM01634,ORD0943,PROD013,3,600.0
ITEM01635,ORD0943,PROD007,6,120.0
ITEM01636,ORD0944,PROD012,2,1200.0
ITEM01637,ORD0944,PROD015,7,4000.0
ITEM01638,ORD0945,PROD015,2,4000.0
ITEM01639,ORD0945,PROD013,2,600.0
ITEM01640,ORD0946,PROD004,1,450.0
ITEM01641,ORD0946,PROD001,1,5000.0
ITEM01642,ORD0947,PROD011,2,6000.0
ITEM01643,ORD0948,PROD014,2,300.0
ITEM01644,ORD0949,PROD002,6,1200.0
ITEM01645,ORD0949,PROD003,8,800.0
ITEM01646,ORD0949,PROD015,3,4000.0
ITEM01647,ORD0950,PROD009,2,3500.0
ITEM01648,ORD0950,PROD012,1,1200.0
ITEM01649,ORD0951,PROD004,3,450.0
ITEM01650,ORD0951,PROD005,2,1081.97
ITEM01651,ORD0952,PROD011,4,6000.0
ITEM01652,ORD0952,PROD003,3,800.0
ITEM01653,ORD0952,PROD012,8,1200.0
ITEM01654,ORD0953,PROD009,2,3500.0
ITEM01655,ORD0954,PROD005,5,1344.38
ITEM01656,ORD0955,PROD012,1,1200.0
ITEM01657,ORD0956,PROD010,2,2500.0
ITEM01658,ORD0956,PROD015,2,4000.0
ITEM01659,ORD0956,PROD002,2,1200.0
ITEM01660,ORD0957,PROD004,6,450.0
ITEM01661,ORD0958,PROD005,2,1500.0
ITEM01662,ORD0959,PROD009,1,3500.0
ITEM01663,ORD0959,PROD014,3,300.0
ITEM01664,ORD0960,PROD009,7,3500.0
ITEM01665,ORD0960,PROD005,5,1500.0
ITEM01666,ORD0960,PROD015,2,4000.0
ITEM01667,ORD0961,PROD002,4,1200.0
ITEM01668,ORD0961,PROD011,3,6000.0
ITEM01669,ORD0961,PROD006,6,7465.38
ITEM01670,ORD0962,PROD013,16,600.0
ITEM01671,ORD0963,PROD003,12,800.0
ITEM01672,ORD0964,PROD011,3,6000.0
ITEM01673,ORD0965,PROD013,2,600.0
ITEM01674,ORD0966,PROD003,3,800.0
ITEM01675,ORD0966,PROD015,3,4000.0
ITEM01676,ORD0967,PROD001,3,5000.0
ITEM01677,ORD0967,PROD011,1,6000.0
ITEM01678,ORD0967,PROD009,1,3500.0
ITEM01679,ORD0967,PROD005,1,1500.0
ITEM01680,ORD0968,PROD014,3,300.0
ITEM01681,ORD0969,PROD010,5,2500.0
ITEM01682,ORD0970,PROD004,3,450.0
ITEM01683,ORD0971,PROD007,2,120.0
ITEM01684,ORD0972,PROD002,5,1200.0
ITEM01685,ORD0973,PROD012,3,1200.0
ITEM01686,ORD0973,PROD003,3,800.0
ITEM01687,ORD0974,PROD004,3,450.0
ITEM01688,ORD0974,PROD003,7,800.0
ITEM01689,ORD0974,PROD012,2,1200.0
ITEM01690,ORD0974,PROD001,3,5000.0
ITEM01691,ORD0975,PROD002,6,890.45
ITEM01692,ORD0976,PROD012,5,1200.0
ITEM01693,ORD0977,PROD008,1,2200.0
ITEM01694,ORD0978,PROD002,4,1200.0
ITEM01695,ORD0978,PROD014,5,300.0
ITEM01696,ORD0979,PROD005,7,1500.0
ITEM01697,ORD0979,PROD008,7,2200.0
ITEM01698,ORD0980,PROD004,3,450.0
ITEM01699,ORD0981,PROD008,4,2200.0
ITEM01700,ORD0981,PROD015,4,3170.87
ITEM01701,ORD0982,PROD015,6,4000.0
ITEM01702,ORD0983,PROD004,2,450.0
ITEM01703,ORD0983,PROD007,3,120.0
ITEM01704,ORD0984,PROD013,1,600.0
ITEM01705,ORD0985,PROD002,2,1200.0
ITEM01706,ORD0985,PROD010,3,2500.0
ITEM01707,ORD0986,PROD014,4,300.0
ITEM01708,ORD0987,PROD005,2,1500.0
ITEM01709,ORD0987,PROD003,1,800.0
ITEM01710,ORD0987,PROD008,3,2200.0
ITEM01711,ORD0987,PROD004,1,450.0
ITEM01712,ORD0988,PROD011,1,6000.0
ITEM01713,ORD0988,PROD003,2,800.0
ITEM01714,ORD0989,PROD005,3,1500.0
ITEM01715,ORD0989,PROD014,2,300.0
ITEM01716,ORD0990,PROD010,1,2500.0
ITEM01717,ORD0991,PROD013,3,600.0
ITEM01718,ORD0992,PROD009,3,3500.0
ITEM01719,ORD0992,PROD014,3,300.0
ITEM01720,ORD0993,PROD009,9,3500.0
ITEM01721,ORD0993,PROD001,15,5000.0
ITEM01722,ORD0994,PROD007,2,88.64
ITEM01723,ORD0994,PROD010,1,2500.0
ITEM01724,ORD0995,PROD007,13,120.0
ITEM01725,ORD0995,PROD005,17,1500.0
ITEM01726,ORD0996,PROD010,5,2500.0
ITEM01727,ORD0996,PROD015,3,4000.0
ITEM01728,ORD0996,PROD006,4,8500.0
ITEM01729,ORD0996,PROD002,4,1200.0
ITEM01730,ORD0997,PROD009,5,3500.0
ITEM01731,ORD0997,PROD006,6,6079.66
ITEM01732,ORD0998,PROD003,5,800.0
ITEM01733,ORD0998,PROD004,3,450.0
ITEM01734,ORD0999,PROD012,1,1200.0
ITEM01735,ORD0999,PROD002,3,1200.0
ITEM01736,ORD1000,PROD012,1,1200.0
ITEM01737,ORD1001,PROD005,2,1500.0
ITEM01738,ORD1002,PROD005,3,1500.0
ITEM01739,ORD1003,PROD004,1,450.0
ITEM01740,ORD1004,PROD002,1,1200.0
ITEM01741,ORD1005,PROD009,3,3500.0
ITEM01742,ORD1005,PROD012,1,1200.0
ITEM01743,ORD1006,PROD009,5,3500.0
ITEM01744,ORD1006,PROD003,20,800.0
ITEM01745,ORD1007,PROD007,15,120.0
ITEM01746,ORD1008,PROD004,2,377.67
ITEM01747,ORD1008,PROD010,2,2500.0
ITEM01748,ORD1009,PROD003,3,800.0
ITEM01749,ORD1009,PROD001,3,5000.0
ITEM01750,ORD1010,PROD004,8,450.0
ITEM01751,ORD1010,PROD003,7,800.0
ITEM01752,ORD1011,PROD014,1,300.0
ITEM01753,ORD1012,PROD001,19,5000.0
ITEM01754,ORD1013,PROD002,7,1200.0
ITEM01755,ORD1014,PROD011,8,6000.0
ITEM01756,ORD1015,PROD011,2,6000.0
ITEM01757,ORD1016,PROD015,1,4000.0
ITEM01758,ORD1017,PROD006,1,8500.0
ITEM01759,ORD1018,PROD015,2,4000.0
ITEM01760,ORD1018,PROD007,3,120.0
ITEM01761,ORD1019,PROD002,2,1200.0
ITEM01762,ORD1020,PROD005,7,1500.0
ITEM01763,ORD1020,PROD012,7,1200.0
ITEM01764,ORD1020,PROD009,6,3500.0
ITEM01765,ORD1021,PROD006,3,8500.0
ITEM01766,ORD1021,PROD008,3,2200.0
ITEM01767,ORD1021,PROD003,2,800.0
ITEM01768,ORD1022,PROD013,2,600.0
ITEM01769,ORD1022,PROD008,3,2200.0
ITEM01770,ORD1023,PROD013,5,600.0
ITEM01771,ORD1023,PROD014,14,300.0
ITEM01772,ORD1024,PROD015,3,4000.0
ITEM01773,ORD1024,PROD002,3,1200.0
ITEM01774,ORD1025,PROD012,3,1200.0
ITEM01775,ORD1026,PROD009,7,3500.0
ITEM01776,ORD1026,PROD008,7,2200.0
ITEM01777,ORD1026,PROD007,2,120.0
ITEM01778,ORD1027,PROD004,9,450.0
ITEM01779,ORD1027,PROD013,6,600.0
ITEM01780,ORD1028,PROD015,3,4000.0
ITEM01781,ORD1028,PROD002,2,1200.0
ITEM01782,ORD1029,PROD005,15,1500.0
ITEM01783,ORD1029,PROD015,10,4000.0
ITEM01784,ORD1030,PROD014,11,300.0
ITEM01785,ORD1031,PROD012,1,1200.0
ITEM01786,ORD1031,PROD011,3,6000.0
ITEM01787,ORD1032,PROD011,6,6000.0
ITEM01788,ORD1033,PROD008,13,2200.0
ITEM01789,ORD1033,PROD003,15,682.48
ITEM01790,ORD1034,PROD013,7,517.15
ITEM01791,ORD1034,PROD011,2,6000.0
ITEM01792,ORD1035,PROD012,3,1200.0
ITEM01793,ORD1036,PROD004,5,450.0
ITEM01794,ORD1037,PROD013,3,600.0
ITEM01795,ORD1038,PROD011,5,6000.0
ITEM01796,ORD1039,PROD006,3,8500.0
ITEM01797,ORD1039,PROD007,2,120.0
ITEM01798,ORD1039,PROD011,1,6000.0
ITEM01799,ORD1039,PROD002,1,1200.0
ITEM01800,ORD1040,PROD008,2,2200.0
ITEM01801,ORD1040,PROD005,1,1500.0
ITEM01802,ORD1041,PROD005,1,1500.0
ITEM01803,ORD1041,PROD009,2,3500.0
ITEM01804,ORD1041,PROD010,2,2500.0
ITEM01805,ORD1042,PROD001,5,5000.0
ITEM01806,ORD1043,PROD007,4,120.0
ITEM01807,ORD1043,PROD006,7,8500.0
ITEM01808,ORD1043,PROD011,6,6000.0
ITEM01809,ORD1044,PROD002,3,1200.0
ITEM01810,ORD1045,PROD009,2,3500.0
ITEM01811,ORD1045,PROD004,1,450.0
ITEM01812,ORD1046,PROD013,7,600.0
ITEM01813,ORD1046,PROD010,7,1984.88
ITEM01814,ORD1046,PROD007,5,120.0
ITEM01815,ORD1047,PROD014,3,300.0
ITEM01816,ORD1048,PROD013,3,600.0
ITEM01817,ORD1048,PROD001,3,5000.0
ITEM01818,ORD1049,PROD005,8,1500.0
ITEM01819,ORD1050,PROD007,2,120.0
ITEM01820,ORD1051,PROD009,3,3500.0
ITEM01821,ORD1052,PROD012,2,1200.0
ITEM01822,ORD1053,PROD009,20,3500.0
ITEM01823,ORD1053,PROD008,12,2200.0
ITEM01824,ORD1054,PROD013,1,600.0
ITEM01825,ORD1055,PROD005,3,1500.0
ITEM01826,ORD1056,PROD012,5,1200.0
ITEM01827,ORD1057,PROD003,6,800.0
ITEM01828,ORD1058,PROD012,2,1200.0
ITEM01829,ORD1058,PROD005,1,1500.0
ITEM01830,ORD1059,PROD012,1,1200.0
ITEM01831,ORD1060,PROD009,1,3500.0
ITEM01832,ORD1060,PROD007,2,120.0
ITEM01833,ORD1061,PROD014,7,300.0
ITEM01834,ORD1061,PROD007,4,120.0
ITEM01835,ORD1061,PROD005,4,1500.0
ITEM01836,ORD1062,PROD001,1,5000.0
ITEM01837,ORD1062,PROD003,2,800.0
ITEM01838,ORD1062,PROD007,3,120.0
ITEM01839,ORD1063,PROD014,3,215.08
ITEM01840,ORD1064,PROD007,13,120.0
ITEM01841,ORD1065,PROD014,3,300.0
ITEM01842,ORD1065,PROD009,1,3500.0
ITEM01843,ORD1066,PROD006,3,8500.0
ITEM01844,ORD1066,PROD004,3,450.0
ITEM01845,ORD1067,PROD006,6,8500.0
ITEM01846,ORD1067,PROD012,2,1200.0
ITEM01847,ORD1067,PROD003,4,669.89
ITEM01848,ORD1067,PROD008,2,2200.0
ITEM01849,ORD1068,PROD004,1,450.0
ITEM01850,ORD1069,PROD006,3,8500.0
ITEM01851,ORD1069,PROD004,2,450.0
ITEM01852,ORD1070,PROD012,12,1200.0
ITEM01853,ORD1071,PROD002,3,1200.0
ITEM01854,ORD1071,PROD015,2,4000.0
ITEM01855,ORD1071,PROD012,1,1200.0
ITEM01856,ORD1072,PROD004,7,450.0
ITEM01857,ORD1072,PROD015,11,4000.0
ITEM01858,ORD1073,PROD011,15,6000.0
ITEM01859,ORD1074,PROD007,1,120.0
ITEM01860,ORD1075,PROD015,5,4000.0
ITEM01861,ORD1075,PROD013,4,600.0
ITEM01862,ORD1075,PROD010,2,2500.0
ITEM01863,ORD1075,PROD009,6,3500.0
ITEM01864,ORD1076,PROD012,6,1200.0
ITEM01865,ORD1076,PROD014,2,300.0
ITEM01866,ORD1077,PROD001,8,3606.75
ITEM01867,ORD1078,PROD002,1,1200.0
ITEM01868,ORD1078,PROD009,3,3500.0
ITEM01869,ORD1079,PROD007,2,120.0
ITEM01870,ORD1080,PROD005,14,1500.0
ITEM01871,ORD1080,PROD012,8,1200.0
ITEM01872,ORD1081,PROD015,3,4000.0
ITEM01873,ORD1081,PROD001,2,5000.0
ITEM01874,ORD1081,PROD010,2,2500.0
ITEM01875,ORD1082,PROD005,3,1500.0
ITEM01876,ORD1083,PROD009,7,3500.0
ITEM01877,ORD1084,PROD009,2,3500.0
ITEM01878,ORD1085,PROD008,4,2200.0
ITEM01879,ORD1086,PROD013,3,600.0
ITEM01880,ORD1086,PROD007,7,120.0
ITEM01881,ORD1087,PROD010,6,2500.0
ITEM01882,ORD1088,PROD005,2,1500.0
ITEM01883,ORD1089,PROD005,2,1500.0
ITEM01884,ORD1090,PROD005,3,1500.0
ITEM01885,ORD1090,PROD003,3,800.0
ITEM01886,ORD1090,PROD009,2,3500.0
ITEM01887,ORD1091,PROD006,2,8500.0
ITEM01888,ORD1091,PROD004,2,450.0
ITEM01889,ORD1092,PROD001,3,5000.0
ITEM01890,ORD1092,PROD009,3,3500.0
ITEM01891,ORD1093,PROD001,1,5000.0
ITEM01892,ORD1093,PROD015,1,4000.0
ITEM01893,ORD1094,PROD007,2,120.0
ITEM01894,ORD1095,PROD014,1,300.0
ITEM01895,ORD1096,PROD002,7,1200.0
ITEM01896,ORD1096,PROD006,3,8500.0
ITEM01897,ORD1097,PROD006,2,8500.0
ITEM01898,ORD1098,PROD009,1,3500.0
ITEM01899,ORD1099,PROD011,2,6000.0
ITEM01900,ORD1100,PROD015,3,4000.0
ITEM01901,ORD1100,PROD003,3,800.0
ITEM01902,ORD1101,PROD001,8,5000.0
ITEM01903,ORD1102,PROD001,19,5000.0
ITEM01904,ORD1102,PROD013,15,600.0
ITEM01905,ORD1102,PROD009,20,3500.0
ITEM01906,ORD1103,PROD012,5,1200.0
ITEM01907,ORD1103,PROD009,3,3500.0
ITEM01908,ORD1103,PROD003,6,800.0
ITEM01909,ORD1104,PROD011,16,6000.0
ITEM01910,ORD1105,PROD010,6,2500.0
ITEM01911,ORD1105,PROD014,7,300.0
ITEM01912,ORD1106,PROD003,2,800.0
ITEM01913,ORD1107,PROD005,3,1500.0
ITEM01914,ORD1108,PROD010,3,2500.0
ITEM01915,ORD1109,PROD007,3,120.0
ITEM01916,ORD1109,PROD013,3,600.0
ITEM01917,ORD1109,PROD010,3,2500.0
ITEM01918,ORD1110,PROD012,19,1200.0
ITEM01919,ORD1110,PROD015,14,4000.0
ITEM01920,ORD1111,PROD010,3,2500.0
ITEM01921,ORD1111,PROD007,1,120.0
ITEM01922,ORD1112,PROD005,3,1500.0
ITEM01923,ORD1112,PROD001,3,5000.0
ITEM01924,ORD1113,PROD004,10,450.0
ITEM01925,ORD1113,PROD003,12,800.0
ITEM01926,ORD1113,PROD015,9,4000.0
ITEM01927,ORD1113,PROD002,18,1200.0
ITEM01928,ORD1114,PROD001,3,5000.0
ITEM01929,ORD1114,PROD007,3,120.0
ITEM01930,ORD1115,PROD002,19,1200.0
ITEM01931,ORD1116,PROD001,7,5000.0
ITEM01932,ORD1116,PROD011,6,6000.0
ITEM01933,ORD1116,PROD008,7,2200.0
ITEM01934,ORD1116,PROD003,6,800.0
ITEM01935,ORD1117,PROD010,7,2500.0
ITEM01936,ORD1117,PROD006,6,8500.0
ITEM01937,ORD1118,PROD013,1,600.0
ITEM01938,ORD1118,PROD001,2,5000.0
ITEM01939,ORD1118,PROD005,1,1500.0
ITEM01940,ORD1119,PROD010,4,2152.29
ITEM01941,ORD1119,PROD015,8,4000.0
ITEM01942,ORD1119,PROD007,6,120.0
ITEM01943,ORD1120,PROD003,3,800.0
ITEM01944,ORD1120,PROD007,3,120.0
ITEM01945,ORD1121,PROD007,7,120.0
ITEM01946,ORD1122,PROD009,2,3500.0
ITEM01947,ORD1123,PROD014,3,300.0
ITEM01948,ORD1124,PROD013,4,600.0
ITEM01949,ORD1124,PROD009,8,3500.0
ITEM01950,ORD1125,PROD013,9,600.0
ITEM01951,ORD1125,PROD005,14,1500.0
ITEM01952,ORD1125,PROD007,13,120.0
ITEM01953,ORD1126,PROD001,1,5000.0
ITEM01954,ORD1127,PROD001,3,5000.0
ITEM01955,ORD1128,PROD007,5,120.0
ITEM01956,ORD1129,PROD014,17,300.0
ITEM01957,ORD1130,PROD011,3,6000.0
ITEM01958,ORD1131,PROD014,5,300.0
ITEM01959,ORD1132,PROD009,1,3500.0
ITEM01960,ORD1133,PROD005,3,1500.0
ITEM01961,ORD1134,PROD006,18,8500.0
ITEM01962,ORD1134,PROD001,11,5000.0
ITEM01963,ORD1134,PROD008,19,2200.0
ITEM01964,ORD1135,PROD001,2,5000.0
ITEM01965,ORD1135,PROD012,2,1200.0
ITEM01966,ORD1136,PROD008,4,2200.0
ITEM01967,ORD1136,PROD015,2,4000.0
ITEM01968,ORD1136,PROD010,5,2500.0
ITEM01969,ORD1137,PROD013,5,600.0
ITEM01970,ORD1137,PROD014,6,300.0
ITEM01971,ORD1138,PROD013,1,600.0
ITEM01972,ORD1139,PROD011,2,6000.0
ITEM01973,ORD1140,PROD003,6,800.0
ITEM01974,ORD1140,PROD010,8,2500.0
ITEM01975,ORD1140,PROD012,5,1200.0
ITEM01976,ORD1141,PROD005,11,1500.0
ITEM01977,ORD1141,PROD002,19,1200.0
ITEM01978,ORD1142,PROD015,7,4000.0
ITEM01979,ORD1142,PROD006,3,8500.0
ITEM01980,ORD1142,PROD014,5,300.0
ITEM01981,ORD1143,PROD002,5,1200.0
ITEM01982,ORD1143,PROD008,10,2200.0
ITEM01983,ORD1144,PROD003,1,800.0
ITEM01984,ORD1145,PROD007,1,120.0
ITEM01985,ORD1146,PROD006,3,8500.0
ITEM01986,ORD1146,PROD003,2,800.0
ITEM01987,ORD1146,PROD008,1,2200.0
ITEM01988,ORD1146,PROD013,1,600.0
ITEM01989,ORD1147,PROD005,3,1500.0
ITEM01990,ORD1147,PROD015,1,4000.0
ITEM01991,ORD1148,PROD003,2,800.0
ITEM01992,ORD1149,PROD014,1,300.0
ITEM01993,ORD1150,PROD001,1,5000.0
ITEM01994,ORD1151,PROD014,5,300.0
ITEM01995,ORD1151,PROD002,2,1200.0
ITEM01996,ORD1152,PROD012,3,1200.0
ITEM01997,ORD1152,PROD013,1,600.0
ITEM01998,ORD1152,PROD008,1,2200.0
ITEM01999,ORD1153,PROD015,3,4000.0
ITEM02000,ORD1153,PROD014,1,300.0
ITEM02001,ORD1153,PROD010,2,2500.0
ITEM02002,ORD1154,PROD003,3,800.0
ITEM02003,ORD1154,PROD010,3,2500.0
ITEM02004,ORD1154,PROD009,2,3500.0
ITEM02005,ORD1154,PROD006,2,8500.0
ITEM02006,ORD1155,PROD014,3,300.0
ITEM02007,ORD1156,PROD009,10,3500.0
ITEM02008,ORD1157,PROD007,19,120.0
ITEM02009,ORD1157,PROD001,5,5000.0
ITEM02010,ORD1157,PROD006,18,8500.0
ITEM02011,ORD1157,PROD004,8,450.0
ITEM02012,ORD1158,PROD007,2,120.0
ITEM02013,ORD1158,PROD014,2,300.0
ITEM02014,ORD1159,PROD014,16,300.0
ITEM02015,ORD1159,PROD013,17,600.0
ITEM02016,ORD1159,PROD001,7,5000.0
ITEM02017,ORD1160,PROD004,7,450.0
ITEM02018,ORD1161,PROD002,3,1200.0
ITEM02019,ORD1161,PROD007,2,92.04
ITEM02020,ORD1162,PROD015,5,4000.0
ITEM02021,ORD1162,PROD002,7,1200.0
ITEM02022,ORD1162,PROD011,7,6000.0
ITEM02023,ORD1162,PROD005,3,1500.0
ITEM02024,ORD1163,PROD006,5,8500.0
ITEM02025,ORD1163,PROD010,8,2500.0
ITEM02026,ORD1164,PROD010,6,2500.0
ITEM02027,ORD1165,PROD007,3,120.0
ITEM02028,ORD1166,PROD009,8,2560.84
ITEM02029,ORD1167,PROD001,1,5000.0
ITEM02030,ORD1167,PROD014,3,300.0
ITEM02031,ORD1167,PROD006,3,8500.0
ITEM02032,ORD1168,PROD012,3,1200.0
ITEM02033,ORD1169,PROD005,3,1500.0
ITEM02034,ORD1170,PROD006,6,8500.0
ITEM02035,ORD1170,PROD014,7,300.0
ITEM02036,ORD1170,PROD012,2,1200.0
ITEM02037,ORD1171,PROD009,3,3500.0
ITEM02038,ORD1172,PROD015,7,4000.0
ITEM02039,ORD1172,PROD001,4,5000.0
ITEM02040,ORD1172,PROD012,3,1200.0
ITEM02041,ORD1173,PROD007,20,120.0
ITEM02042,ORD1174,PROD011,1,6000.0
ITEM02043,ORD1174,PROD003,2,800.0
ITEM02044,ORD1175,PROD010,19,2500.0
ITEM02045,ORD1175,PROD002,20,1200.0
ITEM02046,ORD1176,PROD010,18,2500.0
ITEM02047,ORD1177,PROD003,9,800.0
ITEM02048,ORD1177,PROD014,11,300.0
ITEM02049,ORD1178,PROD013,3,600.0
ITEM02050,ORD1178,PROD011,3,4972.26
ITEM02051,ORD1179,PROD013,16,600.0
ITEM02052,ORD1179,PROD004,13,450.0
ITEM02053,ORD1180,PROD014,17,300.0
ITEM02054,ORD1180,PROD006,15,8500.0
ITEM02055,ORD1181,PROD001,2,5000.0
ITEM02056,ORD1181,PROD011,6,6000.0
ITEM02057,ORD1182,PROD014,2,300.0
ITEM02058,ORD1182,PROD006,3,8500.0
ITEM02059,ORD1183,PROD004,2,450.0
ITEM02060,ORD1183,PROD003,3,800.0
ITEM02061,ORD1184,PROD011,13,6000.0
ITEM02062,ORD1184,PROD003,12,800.0
ITEM02063,ORD1185,PROD015,3,4000.0
ITEM02064,ORD1186,PROD003,4,800.0
ITEM02065,ORD1187,PROD006,3,8500.0
ITEM02066,ORD1187,PROD003,3,800.0
ITEM02067,ORD1188,PROD015,4,4000.0
ITEM02068,ORD1189,PROD003,3,800.0
ITEM02069,ORD1189,PROD007,3,120.0
ITEM02070,ORD1189,PROD010,3,2500.0
ITEM02071,ORD1189,PROD004,1,450.0
ITEM02072,ORD1190,PROD002,2,1200.0
ITEM02073,ORD1190,PROD009,1,3500.0
ITEM02074,ORD1190,PROD012,2,1200.0
ITEM02075,ORD1191,PROD014,3,300.0
ITEM02076,ORD1191,PROD009,2,3500.0
ITEM02077,ORD1191,PROD006,2,8500.0
ITEM02078,ORD1191,PROD001,1,3806.62
ITEM02079,ORD1192,PROD015,6,4000.0
ITEM02080,ORD1192,PROD011,2,6000.0
ITEM02081,ORD1193,PROD008,6,2200.0
ITEM02082,ORD1194,PROD009,8,3500.0
ITEM02083,ORD1195,PROD005,1,1500.0
ITEM02084,ORD1195,PROD013,2,600.0
ITEM02085,ORD1196,PROD006,2,8500.0
ITEM02086,ORD1197,PROD006,1,8500.0
ITEM02087,ORD1198,PROD006,1,8500.0
ITEM02088,ORD1198,PROD010,2,2500.0
ITEM02089,ORD1199,PROD002,2,1200.0
ITEM02090,ORD1199,PROD004,1,370.87
ITEM02091,ORD1199,PROD013,1,600.0
ITEM02092,ORD1199,PROD007,3,120.0
ITEM02093,ORD1200,PROD013,1,462.46
ITEM02094,ORD1201,PROD010,3,2500.0
ITEM02095,ORD1202,PROD010,3,2500.0
ITEM02096,ORD1203,PROD012,9,1200.0
ITEM02097,ORD1204,PROD006,1,8500.0
ITEM02098,ORD1205,PROD009,2,3500.0
ITEM02099,ORD1205,PROD014,1,300.0
ITEM02100,ORD1206,PROD015,18,4000.0
ITEM02101,ORD1206,PROD013,15,600.0
ITEM02102,ORD1207,PROD007,19,120.0
ITEM02103,ORD1207,PROD013,13,600.0
ITEM02104,ORD1208,PROD008,7,2200.0
ITEM02105,ORD1209,PROD012,3,1200.0
ITEM02106,ORD1210,PROD012,5,1200.0
ITEM02107,ORD1210,PROD010,8,2500.0
ITEM02108,ORD1211,PROD014,2,300.0
ITEM02109,ORD1211,PROD010,1,2500.0
ITEM02110,ORD1212,PROD002,18,1200.0
ITEM02111,ORD1212,PROD015,5,4000.0
ITEM02112,ORD1213,PROD015,1,4000.0
ITEM02113,ORD1213,PROD001,2,5000.0
ITEM02114,ORD1213,PROD014,3,300.0
ITEM02115,ORD1214,PROD004,1,450.0
ITEM02116,ORD1215,PROD014,2,300.0
ITEM02117,ORD1215,PROD002,1,1200.0
ITEM02118,ORD1215,PROD013,2,600.0
ITEM02119,ORD1216,PROD004,3,450.0
ITEM02120,ORD1217,PROD003,1,800.0
ITEM02121,ORD1217,PROD011,2,6000.0
ITEM02122,ORD1218,PROD007,3,120.0
ITEM02123,ORD1218,PROD015,3,4000.0
ITEM02124,ORD1219,PROD014,12,300.0
ITEM02125,ORD1220,PROD013,4,600.0
ITEM02126,ORD1220,PROD008,3,2200.0
ITEM02127,ORD1220,PROD012,3,1200.0
ITEM02128,ORD1221,PROD012,1,1200.0
ITEM02129,ORD1221,PROD015,2,4000.0
ITEM02130,ORD1222,PROD009,3,3500.0
ITEM02131,ORD1222,PROD004,1,450.0
ITEM02132,ORD1222,PROD013,1,600.0
ITEM02133,ORD1222,PROD003,1,800.0
ITEM02134,ORD1223,PROD014,7,228.29
ITEM02135,ORD1224,PROD007,3,86.16
ITEM02136,ORD1225,PROD005,2,1500.0
ITEM02137,ORD1226,PROD008,1,2200.0
ITEM02138,ORD1226,PROD006,2,8500.0
ITEM02139,ORD1227,PROD011,1,6000.0
ITEM02140,ORD1227,PROD008,2,2200.0
ITEM02141,ORD1228,PROD012,4,1200.0
ITEM02142,ORD1229,PROD003,2,800.0
ITEM02143,ORD1230,PROD001,1,5000.0
ITEM02144,ORD1230,PROD006,3,8500.0
ITEM02145,ORD1231,PROD012,3,1200.0
ITEM02146,ORD1231,PROD008,3,2200.0
ITEM02147,ORD1231,PROD007,1,120.0
ITEM02148,ORD1232,PROD008,2,2200.0
ITEM02149,ORD1233,PROD008,11,2200.0
ITEM02150,ORD1234,PROD012,3,1200.0
ITEM02151,ORD1234,PROD004,1,450.0
ITEM02152,ORD1235,PROD006,1,8500.0
ITEM02153,ORD1235,PROD003,3,800.0
ITEM02154,ORD1235,PROD014,1,300.0
ITEM02155,ORD1236,PROD002,8,1200.0
ITEM02156,ORD1236,PROD012,8,1200.0
ITEM02157,ORD1236,PROD007,7,120.0
ITEM02158,ORD1237,PROD003,1,800.0
ITEM02159,ORD1237,PROD004,2,450.0
ITEM02160,ORD1238,PROD010,3,2500.0
ITEM02161,ORD1239,PROD005,5,1500.0
ITEM02162,ORD1239,PROD015,7,4000.0
ITEM02163,ORD1240,PROD015,1,4000.0
ITEM02164,ORD1240,PROD008,2,2200.0
ITEM02165,ORD1241,PROD010,2,2500.0
ITEM02166,ORD1241,PROD006,2,8500.0
ITEM02167,ORD1241,PROD005,3,1500.0
ITEM02168,ORD1242,PROD010,5,2035.52
ITEM02169,ORD1242,PROD014,5,300.0
ITEM02170,ORD1242,PROD015,2,4000.0
ITEM02171,ORD1243,PROD010,3,2500.0
ITEM02172,ORD1243,PROD008,3,2200.0
ITEM02173,ORD1244,PROD015,2,4000.0
ITEM02174,ORD1245,PROD015,3,3340.18
ITEM02175,ORD1245,PROD009,2,3500.0
ITEM02176,ORD1245,PROD004,4,450.0
ITEM02177,ORD1245,PROD003,8,800.0
ITEM02178,ORD1246,PROD004,1,319.0
ITEM02179,ORD1247,PROD008,3,2200.0
ITEM02180,ORD1247,PROD010,3,2500.0
ITEM02181,ORD1248,PROD008,11,2200.0
ITEM02182,ORD1248,PROD006,16,8500.0
ITEM02183,ORD1248,PROD011,16,6000.0
ITEM02184,ORD1249,PROD007,1,120.0
ITEM02185,ORD1249,PROD001,2,5000.0
ITEM02186,ORD1250,PROD007,3,120.0
ITEM02187,ORD1251,PROD013,2,600.0
ITEM02188,ORD1251,PROD010,1,2500.0
ITEM02189,ORD1252,PROD004,3,450.0
ITEM02190,ORD1252,PROD014,1,218.95
ITEM02191,ORD1252,PROD012,3,1200.0
ITEM02192,ORD1253,PROD010,7,1901.4
ITEM02193,ORD1253,PROD012,5,1200.0
ITEM02194,ORD1253,PROD006,8,8500.0
ITEM02195,ORD1254,PROD010,1,2500.0
ITEM02196,ORD1255,PROD008,3,2200.0
ITEM02197,ORD1255,PROD002,5,1200.0
ITEM02198,ORD1256,PROD003,1,800.0
ITEM02199,ORD1256,PROD007,1,120.0
ITEM02200,ORD1256,PROD001,1,5000.0
ITEM02201,ORD1256,PROD011,3,6000.0
ITEM02202,ORD1257,PROD013,3,600.0
ITEM02203,ORD1258,PROD013,3,600.0
ITEM02204,ORD1259,PROD007,2,120.0
ITEM02205,ORD1260,PROD001,7,3635.99
ITEM02206,ORD1260,PROD002,4,1200.0
ITEM02207,ORD1260,PROD010,6,2500.0
ITEM02208,ORD1261,PROD004,7,450.0
ITEM02209,ORD1261,PROD010,4,2500.0
ITEM02210,ORD1261,PROD012,5,1200.0
ITEM02211,ORD1262,PROD001,3,5000.0
ITEM02212,ORD1263,PROD011,4,6000.0
ITEM02213,ORD1263,PROD013,2,600.0
ITEM02214,ORD1264,PROD003,1,800.0
ITEM02215,ORD1264,PROD002,3,1200.0
ITEM02216,ORD1265,PROD003,1,800.0
ITEM02217,ORD1265,PROD006,2,8500.0
ITEM02218,ORD1266,PROD005,5,1500.0
ITEM02219,ORD1267,PROD010,8,2500.0
ITEM02220,ORD1267,PROD004,4,450.0
ITEM02221,ORD1267,PROD012,8,1200.0
ITEM02222,ORD1268,PROD012,8,1200.0
ITEM02223,ORD1268,PROD011,7,6000.0
ITEM02224,ORD1268,PROD001,6,5000.0
ITEM02225,ORD1269,PROD010,8,1798.58
ITEM02226,ORD1269,PROD008,5,2200.0
ITEM02227,ORD1270,PROD007,2,120.0
ITEM02228,ORD1271,PROD007,1,120.0
ITEM02229,ORD1271,PROD005,1,1500.0
ITEM02230,ORD1272,PROD012,1,1077.62
ITEM02231,ORD1273,PROD007,3,120.0
ITEM02232,ORD1273,PROD002,1,1200.0
ITEM02233,ORD1273,PROD006,2,8500.0
ITEM02234,ORD1274,PROD001,3,5000.0
ITEM02235,ORD1274,PROD008,1,2200.0
ITEM02236,ORD1275,PROD001,1,5000.0
ITEM02237,ORD1275,PROD007,2,120.0
ITEM02238,ORD1275,PROD004,1,450.0
ITEM02239,ORD1276,PROD014,3,300.0
ITEM02240,ORD1277,PROD011,3,6000.0
ITEM02241,ORD1277,PROD001,8,5000.0
ITEM02242,ORD1278,PROD002,5,1200.0
ITEM02243,ORD1279,PROD007,3,120.0
ITEM02244,ORD1279,PROD008,2,2200.0
ITEM02245,ORD1279,PROD010,2,2500.0
ITEM02246,ORD1280,PROD010,3,2500.0
ITEM02247,ORD1281,PROD005,2,1500.0
ITEM02248,ORD1282,PROD005,3,1500.0
ITEM02249,ORD1282,PROD008,4,2200.0
ITEM02250,ORD1282,PROD002,2,1200.0
ITEM02251,ORD1283,PROD013,8,423.2
ITEM02252,ORD1283,PROD002,18,1200.0
ITEM02253,ORD1284,PROD007,4,120.0
ITEM02254,ORD1285,PROD003,2,800.0
ITEM02255,ORD1286,PROD009,8,3500.0
ITEM02256,ORD1286,PROD002,4,1200.0
ITEM02257,ORD1287,PROD001,8,5000.0
ITEM02258,ORD1288,PROD008,3,2200.0
ITEM02259,ORD1288,PROD002,5,1200.0
ITEM02260,ORD1289,PROD008,12,2200.0
ITEM02261,ORD1290,PROD014,3,300.0
ITEM02262,ORD1290,PROD015,2,4000.0
ITEM02263,ORD1290,PROD005,2,1500.0
ITEM02264,ORD1290,PROD006,3,8500.0
ITEM02265,ORD1291,PROD007,3,120.0
ITEM02266,ORD1292,PROD011,2,6000.0
ITEM02267,ORD1292,PROD006,3,8500.0
ITEM02268,ORD1292,PROD008,1,2200.0
ITEM02269,ORD1293,PROD006,3,8500.0
ITEM02270,ORD1293,PROD004,1,450.0
ITEM02271,ORD1294,PROD013,2,600.0
ITEM02272,ORD1295,PROD015,1,4000.0
ITEM02273,ORD1295,PROD007,3,120.0
ITEM02274,ORD1295,PROD014,1,300.0
ITEM02275,ORD1296,PROD008,2,2200.0
ITEM02276,ORD1296,PROD001,4,5000.0
ITEM02277,ORD1297,PROD005,2,1500.0
ITEM02278,ORD1298,PROD002,8,1200.0
ITEM02279,ORD1299,PROD011,8,6000.0
ITEM02280,ORD1299,PROD008,6,1828.25
ITEM02281,ORD1300,PROD009,7,3500.0
ITEM02282,ORD1300,PROD013,13,600.0
ITEM02283,ORD1301,PROD011,7,6000.0
ITEM02284,ORD1302,PROD001,3,5000.0
ITEM02285,ORD1302,PROD005,1,1500.0
ITEM02286,ORD1303,PROD014,3,300.0
ITEM02287,ORD1304,PROD007,20,120.0
ITEM02288,ORD1304,PROD013,7,600.0
ITEM02289,ORD1304,PROD010,19,2500.0
ITEM02290,ORD1305,PROD007,3,120.0
ITEM02291,ORD1305,PROD010,2,2500.0
ITEM02292,ORD1305,PROD009,1,3500.0
ITEM02293,ORD1306,PROD001,2,5000.0
ITEM02294,ORD1307,PROD004,1,450.0
ITEM02295,ORD1308,PROD004,3,450.0
ITEM02296,ORD1309,PROD010,2,2500.0
ITEM02297,ORD1309,PROD015,1,4000.0
ITEM02298,ORD1310,PROD001,7,5000.0
ITEM02299,ORD1311,PROD003,3,634.76
ITEM02300,ORD1311,PROD007,6,120.0
ITEM02301,ORD1311,PROD011,6,6000.0
ITEM02302,ORD1312,PROD007,6,120.0
ITEM02303,ORD1313,PROD011,7,6000.0
ITEM02304,ORD1313,PROD001,7,5000.0
ITEM02305,ORD1314,PROD015,1,4000.0
ITEM02306,ORD1314,PROD009,3,3500.0
ITEM02307,ORD1314,PROD013,3,600.0
ITEM02308,ORD1315,PROD015,6,4000.0
ITEM02309,ORD1315,PROD013,3,600.0
ITEM02310,ORD1316,PROD008,2,2200.0
ITEM02311,ORD1317,PROD011,14,6000.0
ITEM02312,ORD1317,PROD010,5,2500.0
ITEM02313,ORD1318,PROD009,2,3500.0
ITEM02314,ORD1318,PROD007,1,120.0
ITEM02315,ORD1318,PROD005,2,1500.0
ITEM02316,ORD1319,PROD009,12,3500.0
ITEM02317,ORD1319,PROD015,19,4000.0
ITEM02318,ORD1319,PROD012,16,1200.0
ITEM02319,ORD1320,PROD003,2,800.0
ITEM02320,ORD1321,PROD001,5,5000.0
ITEM02321,ORD1322,PROD002,1,1200.0
ITEM02322,ORD1323,PROD002,14,1200.0
ITEM02323,ORD1324,PROD011,7,6000.0
ITEM02324,ORD1325,PROD008,8,2200.0
ITEM02325,ORD1325,PROD011,8,6000.0
ITEM02326,ORD1326,PROD009,3,3500.0
ITEM02327,ORD1326,PROD015,8,4000.0
ITEM02328,ORD1327,PROD011,6,6000.0
ITEM02329,ORD1327,PROD014,16,300.0
ITEM02330,ORD1327,PROD008,8,2200.0
ITEM02331,ORD1328,PROD013,2,600.0
ITEM02332,ORD1328,PROD010,2,2500.0
ITEM02333,ORD1329,PROD011,2,6000.0
ITEM02334,ORD1329,PROD004,3,450.0
ITEM02335,ORD1329,PROD003,1,800.0
ITEM02336,ORD1330,PROD002,19,1200.0
ITEM02337,ORD1331,PROD011,17,6000.0
ITEM02338,ORD1331,PROD015,6,4000.0
ITEM02339,ORD1331,PROD014,18,300.0
ITEM02340,ORD1332,PROD010,5,2500.0
ITEM02341,ORD1333,PROD005,3,1500.0
ITEM02342,ORD1334,PROD009,4,3500.0
ITEM02343,ORD1335,PROD003,3,800.0
ITEM02344,ORD1336,PROD003,2,800.0
ITEM02345,ORD1337,PROD011,5,6000.0
ITEM02346,ORD1338,PROD001,6,5000.0
ITEM02347,ORD1338,PROD009,8,3500.0
ITEM02348,ORD1339,PROD009,3,3500.0
ITEM02349,ORD1339,PROD012,1,1200.0
ITEM02350,ORD1340,PROD005,2,1500.0
ITEM02351,ORD1341,PROD013,7,600.0
ITEM02352,ORD1341,PROD009,7,3500.0
ITEM02353,ORD1341,PROD008,7,2200.0
ITEM02354,ORD1341,PROD010,8,2500.0
ITEM02355,ORD1342,PROD012,16,1200.0
ITEM02356,ORD1342,PROD004,10,450.0
ITEM02357,ORD1343,PROD012,12,1200.0
ITEM02358,ORD1343,PROD007,18,120.0
ITEM02359,ORD1343,PROD002,15,1200.0
ITEM02360,ORD1344,PROD015,2,4000.0
ITEM02361,ORD1345,PROD007,8,120.0
ITEM02362,ORD1345,PROD006,2,8500.0
ITEM02363,ORD1346,PROD005,8,1500.0
ITEM02364,ORD1347,PROD002,3,1200.0
ITEM02365,ORD1348,PROD001,8,5000.0
ITEM02366,ORD1349,PROD001,3,5000.0
ITEM02367,ORD1350,PROD008,5,2200.0
ITEM02368,ORD1350,PROD013,7,600.0
ITEM02369,ORD1350,PROD012,6,1200.0
ITEM02370,ORD1351,PROD009,6,3500.0
ITEM02371,ORD1352,PROD009,3,2730.49
ITEM02372,ORD1352,PROD015,3,4000.0
ITEM02373,ORD1353,PROD008,2,2200.0
ITEM02374,ORD1354,PROD002,2,1200.0
ITEM02375,ORD1354,PROD013,2,600.0
ITEM02376,ORD1354,PROD004,2,450.0
ITEM02377,ORD1355,PROD009,8,3500.0
ITEM02378,ORD1355,PROD010,7,2500.0
ITEM02379,ORD1356,PROD010,3,2500.0
ITEM02380,ORD1357,PROD007,3,120.0
ITEM02381,ORD1357,PROD010,1,2500.0
ITEM02382,ORD1357,PROD005,3,1500.0
ITEM02383,ORD1358,PROD011,1,6000.0
ITEM02384,ORD1359,PROD012,3,1200.0
ITEM02385,ORD1359,PROD010,3,2500.0
ITEM02386,ORD1360,PROD004,2,450.0
ITEM02387,ORD1360,PROD012,2,1200.0
ITEM02388,ORD1360,PROD007,5,120.0
ITEM02389,ORD1360,PROD014,2,300.0
ITEM02390,ORD1361,PROD013,3,600.0
ITEM02391,ORD1361,PROD015,1,4000.0
ITEM02392,ORD1362,PROD012,3,1200.0
ITEM02393,ORD1363,PROD005,4,1500.0
ITEM02394,ORD1363,PROD006,5,8500.0
ITEM02395,ORD1364,PROD010,3,2500.0
ITEM02396,ORD1365,PROD003,4,800.0
ITEM02397,ORD1366,PROD003,2,800.0
ITEM02398,ORD1366,PROD001,2,5000.0
ITEM02399,ORD1367,PROD015,7,4000.0
ITEM02400,ORD1368,PROD007,5,120.0
ITEM02401,ORD1368,PROD008,8,2200.0
ITEM02402,ORD1369,PROD014,2,300.0
ITEM02403,ORD1370,PROD008,2,2200.0
ITEM02404,ORD1370,PROD013,1,600.0
ITEM02405,ORD1370,PROD015,2,4000.0
ITEM02406,ORD1371,PROD004,1,450.0
ITEM02407,ORD1371,PROD013,1,600.0
ITEM02408,ORD1371,PROD009,2,3500.0
ITEM02409,ORD1371,PROD010,2,2500.0
ITEM02410,ORD1372,PROD014,1,300.0
ITEM02411,ORD1372,PROD011,2,6000.0
ITEM02412,ORD1373,PROD007,15,120.0
ITEM02413,ORD1374,PROD015,1,3545.53
ITEM02414,ORD1375,PROD014,1,300.0
ITEM02415,ORD1376,PROD003,2,800.0
ITEM02416,ORD1377,PROD012,2,1200.0
ITEM02417,ORD1377,PROD011,2,6000.0
ITEM02418,ORD1377,PROD008,2,1574.79
ITEM02419,ORD1378,PROD002,1,1200.0
ITEM02420,ORD1379,PROD009,3,3500.0
ITEM02421,ORD1379,PROD014,1,264.27
ITEM02422,ORD1379,PROD005,3,1192.38
ITEM02423,ORD1379,PROD015,3,4000.0
ITEM02424,ORD1380,PROD008,3,2200.0
ITEM02425,ORD1381,PROD003,16,800.0
ITEM02426,ORD1381,PROD010,5,2500.0
ITEM02427,ORD1381,PROD014,13,300.0
ITEM02428,ORD1382,PROD007,3,120.0
ITEM02429,ORD1382,PROD013,1,600.0
ITEM02430,ORD1382,PROD005,1,1500.0
ITEM02431,ORD1382,PROD003,1,800.0
ITEM02432,ORD1383,PROD012,2,1200.0
ITEM02433,ORD1384,PROD012,6,1200.0
ITEM02434,ORD1385,PROD009,3,3500.0
ITEM02435,ORD1385,PROD001,3,5000.0
ITEM02436,ORD1385,PROD008,2,2200.0
ITEM02437,ORD1386,PROD003,2,800.0
ITEM02438,ORD1387,PROD004,4,450.0
ITEM02439,ORD1387,PROD009,4,3500.0
ITEM02440,ORD1388,PROD005,2,1500.0
ITEM02441,ORD1388,PROD001,3,5000.0
ITEM02442,ORD1388,PROD014,3,300.0
ITEM02443,ORD1388,PROD011,3,6000.0
ITEM02444,ORD1389,PROD015,1,4000.0
ITEM02445,ORD1390,PROD003,2,800.0
ITEM02446,ORD1390,PROD012,3,1200.0
ITEM02447,ORD1390,PROD008,3,2200.0
ITEM02448,ORD1391,PROD010,1,2500.0
ITEM02449,ORD1391,PROD012,2,1200.0
ITEM02450,ORD1392,PROD005,3,1500.0
ITEM02451,ORD1393,PROD008,1,2200.0
ITEM02452,ORD1393,PROD003,3,800.0
ITEM02453,ORD1394,PROD014,20,300.0
ITEM02454,ORD1394,PROD002,5,1200.0
ITEM02455,ORD1395,PROD014,1,300.0
ITEM02456,ORD1396,PROD004,1,450.0
ITEM02457,ORD1397,PROD004,5,450.0
ITEM02458,ORD1397,PROD001,8,5000.0
ITEM02459,ORD1398,PROD009,3,3500.0
ITEM02460,ORD1399,PROD015,1,4000.0
ITEM02461,ORD1400,PROD005,2,1326.25
ITEM02462,ORD1401,PROD011,8,6000.0
ITEM02463,ORD1401,PROD012,17,1200.0
ITEM02464,ORD1402,PROD009,18,3500.0
ITEM02465,ORD1402,PROD002,10,1200.0
ITEM02466,ORD1403,PROD011,2,6000.0
ITEM02467,ORD1404,PROD014,6,300.0
ITEM02468,ORD1405,PROD006,1,8500.0
ITEM02469,ORD1405,PROD012,3,1200.0
ITEM02470,ORD1406,PROD009,1,3500.0
ITEM02471,ORD1406,PROD002,3,1200.0
ITEM02472,ORD1407,PROD011,7,6000.0
ITEM02473,ORD1407,PROD006,3,8500.0
ITEM02474,ORD1407,PROD004,6,450.0
ITEM02475,ORD1408,PROD009,7,3500.0
ITEM02476,ORD1409,PROD010,9,2500.0
ITEM02477,ORD1409,PROD007,6,120.0
ITEM02478,ORD1410,PROD008,20,2200.0
ITEM02479,ORD1410,PROD010,19,2500.0
ITEM02480,ORD1410,PROD012,13,1200.0
ITEM02481,ORD1410,PROD003,6,800.0
ITEM02482,ORD1411,PROD010,2,2500.0
ITEM02483,ORD1411,PROD009,1,3500.0
ITEM02484,ORD1411,PROD012,1,1200.0
ITEM02485,ORD1412,PROD010,1,2500.0
ITEM02486,ORD1412,PROD008,1,2200.0
ITEM02487,ORD1413,PROD002,3,1200.0
ITEM02488,ORD1414,PROD007,8,120.0
ITEM02489,ORD1415,PROD004,6,450.0
ITEM02490,ORD1415,PROD003,11,800.0
ITEM02491,ORD1415,PROD009,8,3500.0
ITEM02492,ORD1416,PROD003,1,800.0
ITEM02493,ORD1417,PROD002,3,1200.0
ITEM02494,ORD1418,PROD007,8,120.0
ITEM02495,ORD1419,PROD014,20,300.0
ITEM02496,ORD1420,PROD009,1,3500.0
ITEM02497,ORD1421,PROD007,1,120.0
ITEM02498,ORD1422,PROD004,2,450.0
ITEM02499,ORD1422,PROD009,3,3500.0
ITEM02500,ORD1422,PROD005,3,1500.0
ITEM02501,ORD1423,PROD008,13,2200.0
ITEM02502,ORD1424,PROD014,3,300.0
ITEM02503,ORD1424,PROD009,2,3500.0
ITEM02504,ORD1425,PROD010,1,1849.28
ITEM02505,ORD1425,PROD006,1,8500.0
ITEM02506,ORD1425,PROD011,2,6000.0
ITEM02507,ORD1426,PROD014,2,300.0
ITEM02508,ORD1427,PROD010,2,2094.52
ITEM02509,ORD1427,PROD007,2,120.0
ITEM02510,ORD1427,PROD008,3,2200.0
ITEM02511,ORD1427,PROD002,2,1200.0
ITEM02512,ORD1428,PROD011,2,6000.0
ITEM02513,ORD1429,PROD002,3,1200.0
ITEM02514,ORD1430,PROD004,8,450.0
ITEM02515,ORD1430,PROD005,4,1500.0
ITEM02516,ORD1430,PROD001,6,5000.0
ITEM02517,ORD1431,PROD005,5,1500.0
ITEM02518,ORD1431,PROD013,6,512.76
ITEM02519,ORD1431,PROD010,8,2500.0
ITEM02520,ORD1432,PROD004,2,450.0
ITEM02521,ORD1433,PROD012,3,1200.0
ITEM02522,ORD1434,PROD007,6,120.0
ITEM02523,ORD1435,PROD004,6,450.0
ITEM02524,ORD1436,PROD015,3,4000.0
ITEM02525,ORD1436,PROD011,3,6000.0
ITEM02526,ORD1437,PROD008,3,2200.0
ITEM02527,ORD1437,PROD013,1,600.0
ITEM02528,ORD1438,PROD003,2,800.0
ITEM02529,ORD1438,PROD006,3,8500.0
ITEM02530,ORD1439,PROD012,6,1200.0
ITEM02531,ORD1440,PROD002,3,1200.0
ITEM02532,ORD1441,PROD006,8,8500.0
ITEM02533,ORD1441,PROD008,6,2200.0
ITEM02534,ORD1442,PROD003,2,800.0
ITEM02535,ORD1442,PROD007,3,120.0
ITEM02536,ORD1442,PROD001,3,5000.0
ITEM02537,ORD1443,PROD002,2,1200.0
ITEM02538,ORD1444,PROD002,5,1200.0
ITEM02539,ORD1444,PROD008,7,2200.0
ITEM02540,ORD1445,PROD008,2,2200.0
ITEM02541,ORD1445,PROD005,1,1500.0
ITEM02542,ORD1446,PROD014,3,300.0
ITEM02543,ORD1446,PROD011,1,6000.0
ITEM02544,ORD1447,PROD003,2,800.0
ITEM02545,ORD1447,PROD007,1,120.0
ITEM02546,ORD1448,PROD009,3,3500.0
ITEM02547,ORD1449,PROD012,2,1200.0
ITEM02548,ORD1450,PROD015,9,4000.0
ITEM02549,ORD1451,PROD011,16,6000.0
ITEM02550,ORD1451,PROD005,6,1500.0
ITEM02551,ORD1452,PROD003,8,800.0
ITEM02552,ORD1452,PROD001,3,5000.0
ITEM02553,ORD1453,PROD014,5,300.0
ITEM02554,ORD1454,PROD012,1,1200.0
ITEM02555,ORD1455,PROD015,3,4000.0
ITEM02556,ORD1456,PROD001,2,5000.0
ITEM02557,ORD1457,PROD005,1,1500.0
ITEM02558,ORD1457,PROD014,3,300.0
ITEM02559,ORD1457,PROD008,3,2200.0
ITEM02560,ORD1458,PROD001,1,5000.0
ITEM02561,ORD1459,PROD015,6,4000.0
ITEM02562,ORD1459,PROD014,7,300.0
ITEM02563,ORD1460,PROD002,1,1200.0
ITEM02564,ORD1461,PROD015,3,4000.0
ITEM02565,ORD1462,PROD006,20,8500.0
ITEM02566,ORD1462,PROD001,16,5000.0
ITEM02567,ORD1463,PROD013,7,600.0
ITEM02568,ORD1463,PROD001,16,5000.0
ITEM02569,ORD1464,PROD014,1,300.0
ITEM02570,ORD1464,PROD008,3,2200.0
ITEM02571,ORD1465,PROD002,3,1200.0
ITEM02572,ORD1466,PROD004,19,450.0
ITEM02573,ORD1466,PROD014,9,300.0
ITEM02574,ORD1467,PROD002,8,1200.0
ITEM02575,ORD1468,PROD001,1,5000.0
ITEM02576,ORD1469,PROD012,3,1200.0
ITEM02577,ORD1470,PROD013,15,600.0
ITEM02578,ORD1470,PROD005,12,1500.0
ITEM02579,ORD1471,PROD010,3,2500.0
ITEM02580,ORD1472,PROD010,8,2500.0
ITEM02581,ORD1472,PROD004,4,450.0
ITEM02582,ORD1473,PROD008,8,2200.0
ITEM02583,ORD1474,PROD002,3,1200.0
ITEM02584,ORD1474,PROD010,1,2500.0
ITEM02585,ORD1474,PROD013,1,600.0
ITEM02586,ORD1475,PROD002,7,1200.0
ITEM02587,ORD1475,PROD004,2,450.0
ITEM02588,ORD1475,PROD013,2,600.0
ITEM02589,ORD1476,PROD011,2,6000.0
ITEM02590,ORD1476,PROD010,1,2500.0
ITEM02591,ORD1477,PROD004,3,450.0
ITEM02592,ORD1477,PROD013,2,600.0
ITEM02593,ORD1477,PROD014,1,300.0
ITEM02594,ORD1478,PROD007,2,120.0
ITEM02595,ORD1478,PROD009,3,3500.0
ITEM02596,ORD1478,PROD001,3,5000.0
ITEM02597,ORD1479,PROD009,1,3500.0
ITEM02598,ORD1480,PROD015,3,4000.0
ITEM02599,ORD1480,PROD005,3,1500.0
ITEM02600,ORD1480,PROD009,3,3500.0
ITEM02601,ORD1480,PROD013,8,600.0
ITEM02602,ORD1481,PROD005,1,1500.0
ITEM02603,ORD1481,PROD007,1,120.0
ITEM02604,ORD1481,PROD003,2,800.0
ITEM02605,ORD1481,PROD009,3,3500.0
ITEM02606,ORD1482,PROD010,2,2500.0
ITEM02607,ORD1483,PROD007,1,120.0
ITEM02608,ORD1484,PROD014,1,300.0
ITEM02609,ORD1485,PROD006,15,8500.0
ITEM02610,ORD1485,PROD013,20,600.0
ITEM02611,ORD1486,PROD001,7,5000.0
ITEM02612,ORD1487,PROD004,2,450.0
ITEM02613,ORD1488,PROD008,8,2200.0
ITEM02614,ORD1488,PROD013,5,600.0
ITEM02615,ORD1488,PROD009,14,3500.0
ITEM02616,ORD1488,PROD007,19,120.0
ITEM02617,ORD1489,PROD012,10,1200.0
ITEM02618,ORD1490,PROD012,3,1200.0
ITEM02619,ORD1491,PROD014,2,300.0
ITEM02620,ORD1492,PROD003,1,800.0
ITEM02621,ORD1493,PROD003,2,800.0
ITEM02622,ORD1493,PROD008,3,2200.0
ITEM02623,ORD1494,PROD001,1,5000.0
ITEM02624,ORD1494,PROD003,1,800.0
ITEM02625,ORD1494,PROD007,3,120.0
ITEM02626,ORD1494,PROD012,2,1200.0
ITEM02627,ORD1495,PROD011,4,6000.0
ITEM02628,ORD1495,PROD010,6,2500.0
ITEM02629,ORD1496,PROD001,8,5000.0
ITEM02630,ORD1497,PROD012,8,1200.0
ITEM02631,ORD1497,PROD004,6,450.0
ITEM02632,ORD1498,PROD012,7,1200.0
ITEM02633,ORD1498,PROD015,2,4000.0
ITEM02634,ORD1498,PROD010,7,2500.0
ITEM02635,ORD1499,PROD001,2,5000.0
ITEM02636,ORD1500,PROD004,5,450.0
ITEM02637,ORD1500,PROD005,8,1154.46
ITEM02638,ORD1501,PROD015,1,4000.0
ITEM02639,ORD1501,PROD004,3,450.0
ITEM02640,ORD1501,PROD007,2,120.0
ITEM02641,ORD1502,PROD011,1,6000.0
ITEM02642,ORD1502,PROD010,3,2500.0
ITEM02643,ORD1503,PROD015,3,4000.0
ITEM02644,ORD1503,PROD003,1,800.0
ITEM02645,ORD1504,PROD006,1,8500.0
ITEM02646,ORD1504,PROD003,1,625.21
ITEM02647,ORD1505,PROD010,2,2500.0
ITEM02648,ORD1506,PROD007,6,120.0
ITEM02649,ORD1507,PROD008,2,2200.0
ITEM02650,ORD1508,PROD015,20,4000.0
ITEM02651,ORD1508,PROD004,9,450.0
ITEM02652,ORD1509,PROD011,2,6000.0
ITEM02653,ORD1509,PROD004,2,450.0
ITEM02654,ORD1509,PROD010,1,1995.39
ITEM02655,ORD1509,PROD005,2,1500.0
ITEM02656,ORD1510,PROD006,3,8500.0
ITEM02657,ORD1510,PROD015,4,4000.0
ITEM02658,ORD1510,PROD001,2,5000.0
ITEM02659,ORD1511,PROD006,1,8500.0
ITEM02660,ORD1511,PROD005,2,1500.0
ITEM02661,ORD1511,PROD003,1,800.0
ITEM02662,ORD1511,PROD007,3,120.0
ITEM02663,ORD1512,PROD012,3,1200.0
ITEM02664,ORD1512,PROD013,4,600.0
ITEM02665,ORD1512,PROD003,2,800.0
ITEM02666,ORD1513,PROD001,2,5000.0
ITEM02667,ORD1513,PROD010,5,2500.0
ITEM02668,ORD1514,PROD004,1,450.0
ITEM02669,ORD1515,PROD009,1,3070.48
ITEM02670,ORD1515,PROD007,1,120.0
ITEM02671,ORD1515,PROD015,2,4000.0
ITEM02672,ORD1515,PROD005,1,1500.0
ITEM02673,ORD1516,PROD015,3,4000.0
ITEM02674,ORD1517,PROD015,3,4000.0
ITEM02675,ORD1517,PROD008,3,2200.0
ITEM02676,ORD1517,PROD006,3,8500.0
ITEM02677,ORD1517,PROD010,1,2500.0
ITEM02678,ORD1518,PROD013,2,600.0
ITEM02679,ORD1518,PROD007,1,120.0
ITEM02680,ORD1519,PROD007,1,120.0
ITEM02681,ORD1519,PROD011,3,6000.0
ITEM02682,ORD1519,PROD013,2,600.0
ITEM02683,ORD1520,PROD005,5,1500.0
ITEM02684,ORD1521,PROD012,1,1200.0
ITEM02685,ORD1521,PROD010,1,2500.0
ITEM02686,ORD1521,PROD003,2,800.0
ITEM02687,ORD1522,PROD013,3,442.69
ITEM02688,ORD1523,PROD003,3,800.0
ITEM02689,ORD1523,PROD002,3,1200.0
ITEM02690,ORD1524,PROD015,8,4000.0
ITEM02691,ORD1525,PROD012,16,1200.0
ITEM02692,ORD1525,PROD001,18,5000.0
ITEM02693,ORD1525,PROD011,8,6000.0
ITEM02694,ORD1526,PROD006,15,8500.0
ITEM02695,ORD1527,PROD010,15,2500.0
ITEM02696,ORD1528,PROD008,3,2200.0
ITEM02697,ORD1529,PROD009,3,3500.0
ITEM02698,ORD1530,PROD013,2,600.0
ITEM02699,ORD1531,PROD013,3,600.0
ITEM02700,ORD1532,PROD009,17,3500.0
ITEM02701,ORD1533,PROD015,3,4000.0
ITEM02702,ORD1534,PROD009,4,3500.0
ITEM02703,ORD1535,PROD014,1,300.0
ITEM02704,ORD1535,PROD001,1,5000.0
ITEM02705,ORD1535,PROD011,2,6000.0
ITEM02706,ORD1536,PROD009,1,3500.0
ITEM02707,ORD1537,PROD011,1,6000.0
ITEM02708,ORD1537,PROD014,1,300.0
ITEM02709,ORD1538,PROD005,2,1500.0
ITEM02710,ORD1539,PROD012,8,1200.0
ITEM02711,ORD1539,PROD003,16,800.0
ITEM02712,ORD1540,PROD012,3,1200.0
ITEM02713,ORD1540,PROD001,3,5000.0
ITEM02714,ORD1541,PROD011,1,6000.0
